FileName,Ax,Ay,Bx,By,darker,weight
01_2021011610094001,332,558,322,578,E,1.0
02_2021011311160485,369,261,343,271,E,1.0
01_2021011610094001,378,541,382,559,E,1.0
02_2021011311160485,53,538,34,562,E,0.84
01_2021011610422212,304,526,341,469,E,1.0
02_2021011310522895,351,210,391,196,E,1.0
01_2021011410001993,59,122,124,103,E,1.0
01_2021011610094001,311,498,325,512,E,1.0
01_2021011410483374,359,452,383,470,E,1.0
01_2021011610094001,389,202,391,181,E,1.0
01_2021011410071465,53,272,33,317,E,0.64
01_2021011611172523,469,226,423,228,E,0.92
01_2021011409592479,408,136,360,171,E,1.0
02_2021011310531891,353,26,312,53,E,1.0
01_2021011410000622,312,155,308,91,E,0.96
01_2021011410000471,358,130,363,112,E,0.96
01_2021011611172523,273,91,228,44,E,0.96
01_2021011610430648,111,176,115,233,E,0.7
01_2021011409290304,394,415,384,359,E,1.0
01_2021011410010037,121,473,101,430,E,0.84
01_2021011410001636,333,86,283,111,E,1.0
01_2021011610411067,395,225,421,249,E,0.96
02_2021011311160485,279,34,298,42,E,0.92
01_2021011611164293,277,558,294,546,E,1.0
01_2021011610142416,329,504,283,509,E,1.0
01_2021011610094001,249,286,261,262,E,0.2
01_2021011410001297,147,217,140,274,E,0.64
02_2021011311124940,66,305,50,323,E,0.96
02_2021011310524766,360,337,384,302,E,1.0
01_2021011409290304,277,205,268,138,E,0.6
01_2021011615273869,69,60,126,80,E,0.48
01_2021011410483374,376,75,358,86,E,0.96
01_2021011611172523,377,438,308,474,E,1.0
01_2021011410321091,453,227,484,267,E,0.96
01_2021011410005371,74,98,56,154,E,1.0
01_2021011611164293,335,45,358,22,E,0.16
01_2021011410003341,389,297,390,344,E,1.0
01_2021011610095022,156,574,212,555,E,0.06
01_2021011611164293,398,493,390,511,E,1.0
02_2021011311124940,310,515,336,518,E,0.86
01_2021011410483374,375,392,360,409,E,1.0
02_2021011311013655,294,431,263,474,E,0.96
01_2021011610123221,317,151,318,88,E,0.96
01_2021011411301621,360,386,396,359,E,1.0
01_2021011610105145,314,255,355,268,E,1.0
01_2021011610113767,279,545,300,491,E,1.0
01_2021011610132252,338,475,332,524,E,0.96
01_2021011610103199,406,291,421,303,E,1.0
01_2021011410000471,267,408,253,425,E,1.0
02_2021011311160485,322,145,305,128,E,1.0
02_2021011311160485,322,145,354,153,E,1.0
01_2021011410041024,221,241,236,162,E,0.56
02_2021011311160485,363,450,387,440,E,1.0
02_2021011311163146,390,533,439,518,E,1.0
02_2021011311124940,293,497,310,515,E,0.96
02_2021011310531891,363,247,403,198,E,1.0
01_2021011410000471,296,491,314,519,E,1.0
02_2021011311124940,380,72,396,89,E,1.0
01_2021011410540669,189,46,166,102,E,0.96
01_2021011410003050,401,536,389,556,E,1.0
01_2021011411301621,323,421,348,488,E,1.0
01_2021011610134178,361,453,367,505,E,1.0
02_2021011310562154,342,402,323,395,E,1.0
01_2021011410003050,327,442,328,465,E,0.96
01_2021011410483374,312,134,308,114,E,0.96
02_2021011310531891,255,428,310,466,E,0.62
01_2021011610110620,409,310,454,297,E,1.0
02_2021011310521560,371,288,406,314,E,0.96
01_2021011611164293,347,421,333,434,E,1.0
02_2021011311124940,29,469,16,481,E,0.96
01_2021011610412083,372,447,359,490,E,1.0
02_2021011311160485,399,58,382,68,E,1.0
02_2021011311160485,300,23,320,41,E,0.92
01_2021011610411067,254,512,257,533,E,1.0
01_2021011409272139,239,348,274,394,E,0.32
01_2021011409584998,383,436,315,396,E,0.64
01_2021011409425225,300,554,381,562,E,1.0
01_2021011610094001,391,181,402,161,E,1.0
01_2021011410041024,334,568,383,534,E,1.0
01_2021011410000622,97,98,93,44,E,0.96
01_2021011611164293,418,333,424,355,E,1.0
01_2021011610411067,397,468,411,482,E,1.0
01_2021011410483374,379,529,407,549,E,1.0
01_2021011610103199,363,422,355,446,E,1.0
02_2021011310562154,454,577,472,558,E,1.0
01_2021011409420271,323,464,365,413,E,1.0
02_2021011311160485,388,183,388,202,E,1.0
01_2021011409292794,295,208,281,261,E,1.0
02_2021011310525170,439,430,469,473,E,0.96
01_2021011610411067,321,392,301,401,E,1.0
01_2021011610130652,254,493,308,488,E,1.0
01_2021011611164293,295,525,320,524,E,1.0
01_2021011611164293,398,346,378,367,E,1.0
01_2021011409592479,245,37,220,80,E,0.56
02_2021011311125412,392,581,394,507,E,1.0
01_2021011410001297,29,87,69,72,E,0.96
01_2021011409272760,228,586,277,574,E,0.96
02_2021011310583163,280,335,264,269,E,1.0
02_2021011311152788,250,72,267,34,E,0.96
01_2021011410071465,350,265,387,306,E,1.0
01_2021011611164293,294,546,305,569,E,0.96
01_2021011410073599,269,496,283,540,E,1.0
01_2021011410020313,453,220,432,301,E,1.0
01_2021011611172523,345,226,344,183,E,1.0
01_2021011610103199,323,141,319,122,E,0.96
01_2021011610094001,428,215,422,239,E,1.0
02_2021011311152788,373,424,374,485,E,1.0
02_2021011310581515,435,479,413,409,E,0.92
02_2021011311013655,56,39,82,98,E,0.88
02_2021011310530659,446,481,436,429,E,1.0
01_2021011410021266,432,177,424,124,E,0.78
01_2021011610134178,342,152,380,172,E,0.48
01_2021011409272139,232,494,234,552,E,0.92
01_2021011409425225,127,86,99,154,E,0.14
01_2021011610094001,306,394,327,407,E,1.0
01_2021011409292208,454,268,486,207,E,0.96
01_2021011410003050,379,264,396,259,E,0.6
02_2021011310531891,443,473,399,481,E,1.0
01_2021011410035151,410,122,366,122,E,0.88
01_2021011410003050,373,100,391,127,E,0.96
01_2021011409272760,397,439,388,484,E,1.0
01_2021011611263118,450,161,402,138,E,0.16
01_2021011410174278,280,53,278,98,E,0.96
01_2021011610094001,451,166,458,148,E,1.0
01_2021011610411067,272,521,257,533,E,0.96
02_2021011310525812,380,480,431,504,E,1.0
01_2021011410540669,31,194,65,136,E,0.88
01_2021011409592479,374,446,408,417,E,1.0
01_2021011410000471,482,79,475,96,E,0.66
01_2021011610411067,351,535,342,513,E,1.0
01_2021011409414800,482,175,454,219,E,0.86
02_2021011310583163,478,412,409,423,E,1.0
02_2021011310562154,321,453,340,453,E,1.0
01_2021011410003567,85,139,33,101,E,1.0
01_2021011410003567,273,480,267,543,E,0.64
01_2021011615273869,313,532,378,575,E,1.0
01_2021011409291257,401,437,342,466,E,0.96
01_2021011410005371,380,440,406,491,E,1.0
01_2021011615261076,234,18,186,53,E,0.2
01_2021011611164293,438,90,457,91,E,0.96
01_2021011610422212,383,139,366,208,E,0.88
01_2021011410005371,361,487,339,429,E,1.0
01_2021011611164293,372,493,390,511,E,1.0
02_2021011310531891,391,564,413,528,E,1.0
02_2021011311130231,354,133,308,142,E,1.0
02_2021011310521560,406,314,466,361,E,0.86
01_2021011610101991,346,218,383,239,E,0.96
01_2021011610411067,442,226,427,198,E,0.92
01_2021011409281020,421,344,404,298,E,1.0
01_2021011610094001,399,315,416,307,E,1.0
01_2021011409413353,404,418,349,387,E,1.0
01_2021011615261076,376,537,326,525,E,1.0
01_2021011410321091,345,492,355,445,E,0.96
02_2021011311160485,387,314,414,326,E,1.0
01_2021011409414800,315,321,317,383,E,1.0
01_2021011610094001,479,228,482,256,E,1.0
02_2021011311160485,345,391,367,380,E,1.0
01_2021011610145228,366,531,398,496,E,0.96
01_2021011410483374,326,506,357,521,E,1.0
02_2021011311152788,371,316,409,379,E,1.0
01_2021011610411067,308,374,314,356,E,1.0
01_2021011410003050,443,280,452,260,E,1.0
01_2021011410000471,349,570,366,560,E,0.96
01_2021011610103199,434,92,409,83,E,0.96
01_2021011409425225,117,38,127,86,E,0.02
01_2021011411301621,391,156,439,124,E,0.2
01_2021011410041997,77,96,98,56,E,0.34
01_2021011610094001,370,309,375,281,E,1.0
02_2021011311160485,309,282,331,292,E,1.0
01_2021011409305840,330,441,256,479,E,1.0
01_2021011611002077,292,47,346,14,E,0.74
02_2021011311160485,282,229,273,212,E,1.0
02_2021011310562154,307,345,327,345,E,1.0
01_2021011610415132,463,297,471,254,E,0.92
02_2021011311152788,366,366,334,395,E,1.0
01_2021011610411067,399,364,392,392,E,1.0
02_2021011310562154,471,536,454,557,E,1.0
01_2021011410003567,88,342,89,294,E,0.96
01_2021011615020875,264,291,284,345,E,0.16
02_2021011310531891,487,345,441,362,E,1.0
01_2021011611164293,418,333,436,327,E,1.0
02_2021011311130231,234,268,304,269,E,0.16
01_2021011611332907,409,82,385,143,E,0.92
02_2021011311124940,348,572,339,555,E,0.96
02_2021011310525170,402,516,329,504,E,0.96
02_2021011310594513,356,283,342,231,E,1.0
01_2021011410003341,436,291,433,335,E,1.0
01_2021011610103199,442,327,424,322,E,1.0
01_2021011610415132,301,300,341,357,E,0.6
02_2021011310525170,361,325,313,341,E,1.0
01_2021011611164293,391,542,390,511,E,0.96
01_2021011411301621,311,71,354,67,E,0.92
02_2021011311153854,391,500,348,455,E,1.0
01_2021011610411067,257,533,274,544,E,0.96
02_2021011311014124,349,37,341,84,E,1.0
02_2021011310594513,141,530,99,513,E,0.74
02_2021011310562154,371,200,366,227,E,1.0
02_2021011310594513,449,533,486,554,E,1.0
01_2021011610095022,459,171,427,208,E,0.64
01_2021011610142416,311,420,327,459,E,1.0
01_2021011610411067,371,376,358,362,E,1.0
02_2021011311160485,336,346,339,373,E,1.0
01_2021011615273869,249,490,270,565,E,1.0
02_2021011310522429,379,125,374,46,E,0.56
01_2021011410001636,283,111,307,148,E,1.0
01_2021011410174278,343,410,401,445,E,1.0
02_2021011310562154,421,402,419,424,E,1.0
01_2021011409584998,385,494,328,453,E,1.0
02_2021011310562154,376,246,360,273,E,1.0
02_2021011311013655,436,414,420,479,E,1.0
01_2021011409281020,371,268,427,256,E,1.0
02_2021011310524766,317,456,308,376,E,1.0
01_2021011410041997,310,559,368,587,E,1.0
01_2021011610094001,391,71,398,90,E,1.0
01_2021011610103199,439,110,413,131,E,0.96
01_2021011610103199,335,445,326,463,E,1.0
02_2021011311160485,450,572,470,572,E,1.0
01_2021011610422212,357,253,366,208,E,0.84
01_2021011410000471,105,36,87,31,E,0.88
01_2021011409413353,361,433,314,435,E,1.0
01_2021011410000471,150,146,124,139,E,0.56
01_2021011610411067,86,146,77,128,E,0.96
01_2021011410041024,60,171,57,123,E,0.96
01_2021011410003050,59,245,67,212,E,0.52
01_2021011610411067,393,291,413,284,E,1.0
02_2021011310524766,397,366,463,396,E,1.0
01_2021011615202377,369,333,423,345,E,0.96
01_2021011610132252,332,524,383,559,E,1.0
01_2021011615273869,270,565,313,532,E,1.0
01_2021011410004136,151,298,123,338,E,1.0
02_2021011310524766,359,432,308,376,E,1.0
02_2021011311152788,375,88,371,41,E,0.96
01_2021011410003567,351,173,374,107,E,0.96
02_2021011310562154,130,185,137,168,E,0.78
01_2021011410001636,352,160,384,129,E,0.96
02_2021011310563707,273,222,275,267,E,1.0
02_2021011311152788,366,366,373,424,E,1.0
01_2021011610103199,350,268,370,240,E,0.96
01_2021011410000622,167,433,105,391,E,0.74
01_2021011410483374,261,62,243,47,E,0.8
01_2021011610094001,328,455,319,478,E,0.96
01_2021011410071465,316,300,387,306,E,1.0
02_2021011310562154,317,509,337,486,E,1.0
01_2021011410001993,275,387,260,430,E,0.12
01_2021011410003050,421,320,420,338,E,1.0
02_2021011311124940,174,333,169,312,E,0.92
01_2021011611172523,317,277,295,221,E,1.0
01_2021011410003050,324,115,320,96,E,0.96
02_2021011310525812,418,438,487,431,E,1.0
01_2021011610094001,316,139,318,120,E,1.0
02_2021011310520898,304,125,293,165,E,0.92
02_2021011311014124,370,515,406,475,E,1.0
02_2021011311160485,354,287,343,271,E,1.0
02_2021011310525812,372,301,337,345,E,1.0
01_2021011610411067,394,245,404,264,E,1.0
02_2021011310594513,99,513,80,580,E,0.52
01_2021011409290304,361,200,418,185,E,1.0
02_2021011310562154,378,482,407,470,E,1.0
02_2021011310531268,301,419,294,502,E,1.0
02_2021011311124940,36,559,17,555,E,0.16
02_2021011311152788,334,395,326,455,E,1.0
01_2021011610103199,316,211,334,182,E,0.96
02_2021011310531891,318,359,370,350,E,1.0
01_2021011610092687,274,41,320,49,E,1.0
01_2021011611002077,292,47,320,100,E,0.82
01_2021011411301621,388,104,440,45,E,0.74
02_2021011310525170,403,210,342,232,E,0.92
01_2021011410041997,133,85,98,56,E,0.92
02_2021011310524766,397,507,441,503,E,1.0
01_2021011410074082,482,134,413,158,E,0.5
01_2021011610103199,273,509,248,510,E,1.0
01_2021011410001636,333,86,291,53,E,0.96
01_2021011610411067,359,502,342,513,E,1.0
01_2021011410001297,267,498,305,452,E,1.0
01_2021011409305840,384,81,326,61,E,0.92
01_2021011610094001,357,582,322,578,E,1.0
01_2021011610103199,318,72,329,49,E,0.96
01_2021011410073599,290,293,323,263,E,0.96
02_2021011311160485,329,531,349,548,E,1.0
01_2021011611164293,281,461,265,476,E,1.0
01_2021011410001993,409,126,451,109,E,1.0
01_2021011410003050,401,536,383,535,E,1.0
01_2021011410483374,429,25,401,36,E,0.66
01_2021011610094001,343,415,332,434,E,1.0
01_2021011410004136,254,544,285,510,E,1.0
02_2021011310562154,367,433,340,453,E,1.0
01_2021011410000471,68,37,87,31,E,0.52
01_2021011411301621,370,201,333,164,E,0.08
02_2021011310562154,318,308,337,300,E,1.0
02_2021011310522429,434,401,451,361,E,1.0
01_2021011610101991,323,266,383,239,E,0.92
01_2021011610103199,387,291,404,316,E,0.6
02_2021011311160485,314,482,324,467,E,1.0
02_2021011311124940,260,567,277,573,E,0.24
01_2021011611021737,181,113,216,89,E,0.96
02_2021011311163146,482,505,484,578,E,1.0
01_2021011610094001,311,356,314,337,E,1.0
01_2021011410005371,421,101,476,98,E,1.0
02_2021011310583163,297,120,287,65,E,0.96
02_2021011310531891,301,286,281,335,E,1.0
01_2021011615261076,357,577,426,586,E,1.0
01_2021011611263118,409,385,363,430,E,1.0
01_2021011615273869,249,490,322,482,E,1.0
01_2021011610103199,329,496,350,479,E,1.0
01_2021011410003050,103,208,119,186,E,0.96
02_2021011310522895,167,492,131,547,E,0.92
01_2021011610142961,302,476,281,543,E,1.0
01_2021011610094001,286,541,304,550,E,1.0
02_2021011311124940,75,418,98,428,E,0.96
01_2021011409413353,378,229,444,201,E,1.0
01_2021011611164293,331,510,352,531,E,1.0
01_2021011610094001,328,387,346,396,E,1.0
01_2021011410041024,383,534,344,489,E,1.0
01_2021011611164293,339,468,361,464,E,1.0
01_2021011409425225,297,14,474,13,E,0.16
02_2021011310521560,306,242,328,306,E,0.96
01_2021011410003050,263,74,284,94,E,0.96
02_2021011310525812,359,425,380,480,E,1.0
02_2021011311124940,287,28,309,18,E,0.16
01_2021011409272139,380,492,351,452,E,0.92
01_2021011410003050,49,349,37,322,E,0.56
01_2021011611164293,450,46,483,46,E,0.96
02_2021011311152788,376,246,331,292,E,1.0
01_2021011409420271,250,228,333,231,E,0.96
01_2021011409292794,365,384,335,445,E,1.0
01_2021011610094001,391,291,399,315,E,1.0
01_2021011611164293,472,407,464,434,E,1.0
01_2021011610134178,256,471,327,479,E,0.96
02_2021011310562154,370,561,378,583,E,1.0
01_2021011611164293,393,21,405,45,E,0.96
02_2021011311160485,148,529,145,548,E,0.84
01_2021011409291599,378,181,390,131,E,0.96
01_2021011410000471,386,481,404,471,E,0.6
01_2021011610094001,278,461,257,469,E,0.96
02_2021011310562154,347,217,366,227,E,1.0
02_2021011311160485,324,206,305,213,E,1.0
01_2021011410475714,135,38,105,74,E,0.6
01_2021011410071465,347,337,387,306,E,0.96
01_2021011611002630,73,97,106,62,E,0.38
02_2021011311124940,419,81,396,89,E,1.0
02_2021011310525812,418,438,464,469,E,1.0
01_2021011410071465,461,120,427,161,E,1.0
01_2021011611164293,372,493,398,493,E,1.0
01_2021011410003050,409,462,387,443,E,1.0
01_2021011409281020,289,384,293,331,E,1.0
01_2021011611002077,465,125,457,46,E,1.0
01_2021011610105145,249,575,355,578,E,0.96
01_2021011610411067,28,150,34,126,E,0.96
01_2021011610103199,391,333,379,314,E,1.0
02_2021011310594513,361,496,414,439,E,1.0
02_2021011310522895,361,480,319,512,E,1.0
02_2021011311160485,365,67,379,42,E,0.96
02_2021011311013655,312,220,372,229,E,1.0
02_2021011310522429,397,545,454,524,E,0.96
01_2021011610411067,254,512,244,490,E,1.0
01_2021011610411067,355,415,370,397,E,1.0
01_2021011610094001,389,254,398,230,E,1.0
01_2021011410483374,329,199,346,211,E,0.24
01_2021011410004136,399,79,407,34,E,1.0
02_2021011310562154,370,561,387,552,E,1.0
01_2021011610100687,274,490,268,541,E,1.0
01_2021011410000471,267,408,270,431,E,0.24
01_2021011409305840,474,140,437,98,E,0.58
01_2021011410475714,105,74,147,88,E,0.6
01_2021011610092687,375,494,367,557,E,0.96
02_2021011311124940,359,95,358,74,E,1.0
01_2021011409285679,402,424,380,383,E,1.0
01_2021011410041024,341,46,368,84,E,1.0
01_2021011610411067,310,433,317,414,E,1.0
01_2021011410003050,373,100,382,84,E,0.96
01_2021011615202377,435,295,369,333,E,0.96
01_2021011410020313,384,373,359,417,E,1.0
02_2021011310531268,469,576,449,515,E,1.0
01_2021011409272139,424,91,374,36,E,0.96
02_2021011311014124,291,109,341,84,E,1.0
01_2021011410003050,296,566,317,570,E,1.0
01_2021011611164293,371,142,399,151,E,0.96
01_2021011611164293,396,561,422,554,E,1.0
01_2021011410073599,323,263,291,209,E,0.1
01_2021011409414800,317,383,343,441,E,0.64
01_2021011610103199,279,555,300,564,E,1.0
02_2021011310522895,442,435,444,479,E,1.0
02_2021011310522895,252,574,280,542,E,0.88
02_2021011311013655,267,198,312,220,E,0.44
02_2021011310530659,313,358,357,417,E,1.0
01_2021011410475714,425,223,470,206,E,1.0
02_2021011311160485,260,330,277,340,E,1.0
01_2021011610134178,377,247,348,290,E,0.92
01_2021011610130652,380,91,338,74,E,0.92
02_2021011310562154,381,356,404,333,E,1.0
02_2021011310581515,279,72,267,139,E,1.0
01_2021011610105145,426,578,355,578,E,1.0
01_2021011410003050,405,518,401,536,E,1.0
01_2021011410483374,357,521,349,542,E,1.0
02_2021011311130231,369,407,391,362,E,1.0
01_2021011611164293,358,22,339,25,E,0.16
01_2021011610094001,365,218,389,202,E,1.0
01_2021011409281020,314,519,330,562,E,0.96
01_2021011409272139,239,437,274,394,E,0.52
01_2021011410321091,345,492,383,560,E,0.96
01_2021011410074082,320,489,368,538,E,1.0
01_2021011410483374,445,55,429,25,E,0.92
01_2021011409291599,312,45,361,31,E,0.6
01_2021011409272139,244,307,239,348,E,0.64
01_2021011610411067,321,392,317,414,E,1.0
01_2021011410000471,357,345,374,326,E,1.0
01_2021011410000622,312,155,340,123,E,1.0
02_2021011310582384,350,370,434,386,E,1.0
01_2021011610103199,439,110,460,108,E,0.96
01_2021011610411067,171,39,154,14,E,0.56
01_2021011410483374,302,97,321,101,E,0.96
02_2021011310524766,366,252,415,224,E,1.0
02_2021011311014124,404,292,451,319,E,1.0
01_2021011410001636,456,25,403,87,E,0.64
02_2021011310562154,340,357,366,368,E,1.0
01_2021011410003050,327,442,352,458,E,0.96
01_2021011610411067,394,444,397,468,E,1.0
01_2021011610094001,365,218,398,230,E,1.0
01_2021011410071465,387,306,448,308,E,1.0
02_2021011310562154,479,390,443,405,E,1.0
01_2021011610101991,414,142,411,190,E,1.0
02_2021011310581515,307,206,377,195,E,0.96
01_2021011610103199,397,520,388,502,E,1.0
01_2021011610094001,406,364,402,384,E,1.0
01_2021011410000471,462,80,469,58,E,0.4
01_2021011409281020,319,152,327,106,E,1.0
01_2021011409305840,419,258,390,297,E,1.0
01_2021011409291599,221,385,216,438,E,0.04
01_2021011611332907,370,253,290,259,E,0.52
01_2021011410003341,138,126,184,120,E,1.0
02_2021011311160485,235,160,249,147,E,0.64
01_2021011610123221,337,223,382,198,E,0.96
01_2021011615261076,483,172,478,15,E,0.42
01_2021011611002077,457,46,487,81,E,0.92
02_2021011310520898,433,508,465,451,E,0.88
01_2021011410000471,390,59,371,58,E,0.96
01_2021011409425225,416,528,429,577,E,1.0
01_2021011611332907,407,485,347,484,E,1.0
02_2021011311124940,230,97,230,65,E,0.96
01_2021011409292794,326,266,372,231,E,0.92
01_2021011610103199,360,512,375,524,E,1.0
01_2021011410483374,407,549,405,580,E,1.0
01_2021011610411067,342,432,355,415,E,1.0
01_2021011410003050,147,218,130,204,E,0.96
02_2021011311124940,339,280,347,297,E,0.96
01_2021011410003050,131,88,103,94,E,0.96
01_2021011610094001,316,424,301,451,E,0.28
01_2021011409413353,389,373,349,387,E,1.0
01_2021011409592479,313,266,382,282,E,1.0
02_2021011311160485,394,418,407,402,E,1.0
02_2021011311130231,354,133,309,97,E,0.64
01_2021011410003341,474,247,436,291,E,1.0
01_2021011410483374,46,56,68,78,E,0.84
01_2021011410003050,157,198,147,218,E,0.96
01_2021011409420271,309,395,365,413,E,1.0
01_2021011610103199,348,542,371,543,E,1.0
01_2021011410174278,346,551,296,534,E,0.6
01_2021011410174278,300,414,254,428,E,0.96
01_2021011610103199,417,268,436,289,E,0.96
01_2021011610411067,430,180,427,198,E,0.96
01_2021011410003050,352,458,369,433,E,1.0
01_2021011610103199,333,556,312,580,E,1.0
01_2021011411301621,240,454,249,508,E,1.0
01_2021011410020313,432,301,393,273,E,1.0
01_2021011410540669,70,443,30,423,E,0.96
01_2021011410321091,261,445,287,398,E,0.92
01_2021011409281020,275,574,330,562,E,0.96
02_2021011311163146,482,505,449,456,E,1.0
02_2021011310562154,303,85,314,105,E,0.96
01_2021011409592479,382,282,388,236,E,1.0
01_2021011610094001,449,29,439,48,E,1.0
01_2021011611164293,367,52,358,22,E,0.2
01_2021011409413353,390,290,417,257,E,1.0
01_2021011409290304,394,415,331,409,E,1.0
01_2021011409305840,392,546,322,545,E,1.0
01_2021011610134178,317,251,294,207,E,0.88
01_2021011410540669,144,181,166,102,E,0.92
01_2021011410010037,211,369,249,308,E,0.48
01_2021011410035151,382,167,425,172,E,0.52
01_2021011610424958,477,217,471,172,E,0.86
02_2021011310582384,207,462,197,514,E,0.56
01_2021011409290304,384,359,401,300,E,0.96
01_2021011610092687,256,433,239,393,E,0.48
01_2021011410003050,352,117,373,100,E,0.92
01_2021011610411067,472,195,452,208,E,1.0
01_2021011610094001,297,568,304,550,E,1.0
01_2021011611164293,453,113,457,91,E,0.56
02_2021011311125412,354,123,400,171,E,0.6
01_2021011410000471,296,491,311,460,E,1.0
01_2021011611164293,412,114,437,121,E,0.96
02_2021011310562154,324,418,342,402,E,1.0
01_2021011610411067,86,146,101,164,E,0.96
02_2021011310562154,297,178,332,175,E,0.96
01_2021011611164293,382,163,379,180,E,0.96
01_2021011410071465,301,37,362,83,E,1.0
01_2021011410003050,316,547,296,566,E,1.0
02_2021011311124940,251,540,230,537,E,0.92
01_2021011610103199,427,60,409,83,E,0.96
01_2021011410000471,274,582,306,584,E,1.0
01_2021011409413353,378,229,334,208,E,1.0
02_2021011311163146,363,229,366,175,E,1.0
02_2021011310524766,375,211,316,161,E,1.0
02_2021011310522429,374,46,416,53,E,0.56
01_2021011611332907,479,326,478,370,E,0.96
01_2021011610430648,218,252,155,208,E,0.28
01_2021011410003050,391,127,415,145,E,0.6
01_2021011610142416,251,469,283,509,E,0.96
02_2021011311130231,308,194,254,186,E,0.96
01_2021011410000471,454,148,463,130,E,0.92
01_2021011611332907,395,197,385,143,E,0.24
01_2021011409413353,331,347,349,387,E,1.0
01_2021011610105145,314,255,361,205,E,1.0
01_2021011410483374,324,155,326,180,E,0.96
01_2021011610094001,401,494,374,497,E,0.96
01_2021011610411067,375,487,390,500,E,1.0
01_2021011610411067,311,481,332,475,E,1.0
01_2021011610412083,460,90,487,156,E,0.2
02_2021011310531268,402,573,449,515,E,1.0
01_2021011610110620,352,469,307,475,E,1.0
02_2021011311124940,98,428,117,428,E,0.96
01_2021011611332907,436,13,456,65,E,0.92
01_2021011610100687,292,42,297,110,E,0.96
01_2021011410021266,342,470,329,530,E,1.0
02_2021011310525170,310,124,285,202,E,0.96
01_2021011611172523,277,177,233,111,E,0.92
01_2021011410005371,244,461,296,440,E,1.0
02_2021011311130231,412,111,419,65,E,0.6
01_2021011610422212,359,509,390,447,E,1.0
01_2021011610103199,347,387,321,406,E,1.0
02_2021011310562154,419,424,419,449,E,1.0
01_2021011410483374,430,79,410,97,E,0.92
02_2021011310582384,63,352,58,437,E,0.08
01_2021011610103199,344,206,360,197,E,0.96
01_2021011410034036,316,437,357,446,E,0.92
01_2021011410071465,364,489,428,537,E,0.96
02_2021011310594513,411,507,361,496,E,1.0
02_2021011311160485,260,330,262,308,E,1.0
01_2021011610101991,138,215,110,265,E,0.92
01_2021011615202377,435,295,423,345,E,1.0
01_2021011410003050,438,83,443,53,E,0.96
02_2021011311153854,375,416,378,367,E,1.0
02_2021011311160485,379,42,382,68,E,1.0
01_2021011610100687,292,42,345,88,E,0.64
01_2021011611002630,282,494,314,447,E,0.74
01_2021011611164293,410,507,398,493,E,1.0
01_2021011410474337,237,189,253,140,E,0.84
02_2021011310562154,321,453,302,448,E,1.0
01_2021011610094001,211,55,228,49,E,0.92
01_2021011611164293,339,382,351,363,E,1.0
01_2021011410000471,462,80,482,79,E,0.66
02_2021011311124940,418,441,425,462,E,0.96
01_2021011611164293,363,377,346,399,E,1.0
01_2021011615202377,265,550,328,543,E,1.0
01_2021011410071465,318,401,347,337,E,0.96
01_2021011611164293,387,46,405,45,E,0.96
01_2021011610411067,150,33,154,14,E,0.96
01_2021011610411067,327,454,360,464,E,1.0
02_2021011311160485,365,67,341,57,E,0.96
01_2021011611172523,405,544,362,546,E,1.0
01_2021011611164293,328,171,342,186,E,1.0
01_2021011611164293,72,392,92,393,E,0.96
02_2021011311160485,276,359,294,370,E,0.6
02_2021011310562154,377,267,392,291,E,1.0
01_2021011611172523,345,334,281,326,E,0.2
01_2021011611164293,432,219,412,242,E,0.96
01_2021011611172523,321,423,265,424,E,0.96
01_2021011410483374,381,443,383,470,E,1.0
02_2021011310531891,341,191,322,237,E,1.0
01_2021011610411067,272,521,293,511,E,1.0
01_2021011611164293,355,481,385,477,E,1.0
01_2021011410003050,352,458,380,479,E,1.0
01_2021011410000471,358,130,334,116,E,0.96
01_2021011611164293,404,286,404,316,E,1.0
01_2021011410003050,447,164,437,190,E,0.96
01_2021011409290304,449,254,447,298,E,0.96
01_2021011615273869,313,532,322,482,E,1.0
01_2021011611002630,252,310,296,343,E,0.64
01_2021011611164293,447,311,464,284,E,1.0
02_2021011310531891,292,123,312,53,E,1.0
02_2021011310562154,287,329,292,311,E,1.0
01_2021011610094001,471,184,481,165,E,1.0
01_2021011615202377,255,371,278,328,E,0.78
01_2021011410000471,387,225,403,210,E,0.56
01_2021011409592479,313,266,348,221,E,1.0
01_2021011410021266,469,118,424,124,E,0.18
01_2021011409413353,442,156,378,119,E,1.0
02_2021011310563707,408,328,463,344,E,1.0
02_2021011310524766,359,432,405,459,E,1.0
01_2021011410483374,249,554,252,576,E,1.0
01_2021011410540669,146,242,189,217,E,0.6
01_2021011610103199,393,463,408,488,E,1.0
01_2021011615202377,370,29,475,18,E,0.18
02_2021011310562154,392,291,372,309,E,1.0
01_2021011611164293,472,407,480,425,E,1.0
01_2021011410021266,327,269,324,202,E,0.04
01_2021011410071465,118,206,59,187,E,0.16
01_2021011610094001,434,304,443,276,E,1.0
01_2021011409425748,60,435,15,470,E,0.92
02_2021011310522895,387,358,371,413,E,0.96
01_2021011410010037,233,523,220,578,E,1.0
01_2021011409292208,314,516,364,555,E,1.0
02_2021011310531268,361,459,301,419,E,1.0
01_2021011409590939,380,517,322,501,E,0.64
01_2021011610103199,341,524,310,508,E,1.0
02_2021011310522429,372,453,453,445,E,1.0
01_2021011409292794,77,554,138,572,E,0.06
01_2021011410000471,296,491,277,481,E,1.0
02_2021011311160485,457,512,482,521,E,1.0
02_2021011310583163,376,297,403,224,E,1.0
01_2021011610130652,380,91,434,62,E,0.92
02_2021011311124940,329,234,332,214,E,0.56
02_2021011310562154,347,523,377,524,E,1.0
02_2021011311160485,354,241,343,271,E,1.0
02_2021011310531268,476,473,449,515,E,1.0
01_2021011611164293,355,481,355,503,E,1.0
01_2021011610420287,427,295,455,261,E,1.0
01_2021011410000471,328,59,305,54,E,0.96
02_2021011310562154,293,144,317,151,E,0.96
02_2021011311153854,433,473,487,509,E,1.0
01_2021011610105145,397,339,435,295,E,1.0
02_2021011311160485,381,458,387,440,E,1.0
01_2021011410001297,29,87,41,42,E,0.96
01_2021011410041024,377,211,370,261,E,0.38
01_2021011410041024,320,228,370,261,E,0.02
01_2021011610412083,227,520,263,561,E,1.0
02_2021011310524766,316,161,284,189,E,1.0
01_2021011615202377,370,29,431,39,E,0.34
01_2021011409272760,349,429,397,439,E,1.0
01_2021011410321091,416,312,459,304,E,0.96
01_2021011410000471,348,495,366,479,E,1.0
02_2021011310583163,280,335,359,344,E,1.0
02_2021011310562154,378,382,405,392,E,1.0
01_2021011611332907,312,507,246,539,E,1.0
01_2021011610110620,423,350,454,297,E,0.96
01_2021011611172523,451,305,469,226,E,0.96
02_2021011310562154,444,387,421,402,E,1.0
01_2021011611002077,465,125,395,131,E,1.0
01_2021011410034036,411,233,347,233,E,0.04
01_2021011610094001,392,134,418,127,E,1.0
01_2021011409590939,339,352,337,395,E,1.0
01_2021011410041997,390,106,363,179,E,0.96
02_2021011310583163,434,460,433,503,E,1.0
01_2021011610142961,302,476,359,499,E,1.0
02_2021011311124940,306,560,339,555,E,0.96
01_2021011610103199,344,206,334,182,E,0.96
01_2021011610100687,212,141,254,89,E,0.96
01_2021011610411067,65,161,46,140,E,0.96
01_2021011611332907,353,292,370,253,E,0.92
01_2021011610094001,369,32,391,27,E,1.0
01_2021011410003341,351,449,388,475,E,1.0
01_2021011610424958,371,348,324,375,E,1.0
01_2021011610103199,427,173,447,170,E,0.96
01_2021011615020875,365,98,347,52,E,0.96
01_2021011610094001,380,393,346,396,E,1.0
01_2021011410074082,377,120,367,162,E,0.1
01_2021011409425225,306,488,346,474,E,1.0
01_2021011409292208,363,190,321,183,E,0.42
01_2021011410004136,407,483,379,534,E,1.0
02_2021011310583163,389,461,433,503,E,1.0
01_2021011611002630,452,301,472,243,E,1.0
01_2021011610103199,443,267,436,289,E,1.0
02_2021011311125412,339,366,358,327,B,0.92
01_2021011610100687,412,241,428,281,B,0.6
01_2021011410073599,240,209,291,209,B,0.84
01_2021011410003050,455,100,455,68,B,0.58
01_2021011410000471,262,48,245,41,A,0.26
01_2021011410321091,159,335,97,315,B,0.54
01_2021011615261076,296,15,234,18,B,0.8
01_2021011610113767,275,415,233,410,A,0.68
01_2021011410540669,253,387,309,438,B,0.34
01_2021011610094001,290,266,261,262,B,0.6
01_2021011410003050,303,184,316,201,B,0.36
02_2021011310520898,316,279,240,263,B,0.54
01_2021011410000471,13,164,38,183,B,0.92
01_2021011410000471,299,126,316,122,A,0.56
01_2021011610411067,363,230,394,245,B,0.68
01_2021011409425225,392,398,416,443,A,1.0
01_2021011410001297,167,109,125,98,A,0.22
02_2021011310563707,205,493,162,525,A,0.38
01_2021011610100687,252,297,301,266,B,0.92
01_2021011615273869,209,381,249,368,B,0.4
01_2021011410540669,304,223,364,209,A,0.84
01_2021011410540669,428,522,391,477,B,0.8
01_2021011610134178,238,549,197,571,A,0.92
01_2021011410540669,89,235,144,181,A,0.48
01_2021011410020313,118,121,89,69,B,0.68
02_2021011310521560,347,381,313,352,A,0.74
01_2021011611002077,248,77,264,124,B,0.52
01_2021011610134178,421,148,380,172,B,0.48
01_2021011610142961,318,521,359,499,B,0.96
02_2021011311124940,285,549,277,573,B,0.52
01_2021011610095022,63,399,56,332,A,0.92
01_2021011410034036,392,164,352,125,A,0.84
01_2021011610094001,230,125,210,122,A,0.42
01_2021011410000622,199,491,207,554,B,0.54
01_2021011410003050,443,53,423,59,A,0.76
01_2021011610105145,259,492,334,502,B,0.88
01_2021011610092687,487,107,452,43,B,0.42
01_2021011610411067,82,96,65,112,A,0.92
01_2021011410000471,202,454,186,442,B,0.48
01_2021011410003050,309,161,305,137,A,0.36
01_2021011610101991,427,248,463,270,B,0.48
01_2021011610110620,456,164,463,249,B,0.84
01_2021011410474337,277,23,235,13,A,0.1
01_2021011610413161,321,432,372,485,B,0.52
01_2021011410034036,338,192,302,221,B,0.92
01_2021011410003050,289,548,301,531,A,0.56
02_2021011310520898,401,170,407,97,A,0.68
02_2021011310525812,45,556,24,512,A,0.72
01_2021011410003050,361,204,335,194,A,0.12
01_2021011610412083,399,219,356,232,A,0.02
02_2021011311124340,148,453,115,418,A,0.22
01_2021011410041997,159,213,234,210,A,0.7
01_2021011409272760,309,395,349,429,B,0.74
01_2021011615261076,300,387,250,351,A,0.88
02_2021011310522895,322,179,311,248,B,0.92
01_2021011409291257,286,109,246,84,B,0.6
01_2021011410001993,331,321,328,370,A,-0.0
01_2021011610123221,320,496,303,457,A,0.2
01_2021011409292208,244,245,271,198,A,0.84
01_2021011409592479,408,417,458,385,A,1.0
01_2021011610411067,62,82,42,105,A,0.96
01_2021011410000471,385,247,387,225,A,0.44
01_2021011610100687,57,201,16,177,A,0.84
01_2021011410001297,354,284,291,263,A,0.88
01_2021011610094001,312,260,290,266,A,0.92
01_2021011409272760,304,273,289,234,A,0.96
02_2021011311124940,224,316,252,337,B,0.96
01_2021011611164293,438,142,443,168,B,0.16
01_2021011410474337,377,275,415,225,B,0.48
01_2021011410003341,357,126,293,94,B,0.48
01_2021011410073599,304,133,291,209,B,0.88
01_2021011610134178,390,327,360,385,B,0.68
01_2021011610095022,260,504,288,438,A,0.84
01_2021011411301621,370,201,397,238,A,0.04
01_2021011409292794,459,392,430,336,B,0.88
02_2021011310563707,139,343,184,291,B,0.22
02_2021011310581515,224,368,165,315,A,-0.0
01_2021011409590939,264,324,242,280,A,0.2
02_2021011310521560,306,242,366,195,A,0.72
01_2021011410041997,80,300,133,252,B,0.06
01_2021011410001297,184,265,203,305,B,0.52
01_2021011410000471,408,114,387,114,A,0.2
01_2021011410001297,241,255,291,263,A,0.92
02_2021011311124340,75,471,58,430,B,0.74
01_2021011610100687,412,241,330,230,B,0.34
01_2021011610094001,337,473,358,470,A,0.92
01_2021011410001993,84,77,133,33,B,0.88
01_2021011410001993,387,185,467,149,B,0.92
01_2021011409292208,292,46,346,46,A,0.84
01_2021011610114926,451,537,398,562,B,0.96
01_2021011610095022,126,443,63,399,B,0.32
01_2021011615202377,371,73,431,39,B,0.96
01_2021011410003050,434,104,455,100,A,0.58
01_2021011410000471,371,76,390,59,B,0.88
01_2021011410321091,136,374,159,335,A,0.46
01_2021011610100687,349,284,394,312,B,0.84
02_2021011311124940,184,360,207,359,A,0.4
01_2021011610413161,311,283,358,346,A,0.64
01_2021011410071465,284,262,250,304,A,0.74
01_2021011409292208,206,163,140,137,A,0.84
01_2021011610430648,461,262,484,329,A,0.92
01_2021011611002630,349,235,390,290,B,0.32
01_2021011409420271,190,312,220,268,B,0.28
01_2021011410005371,313,105,317,58,B,0.26
01_2021011409420271,205,496,198,556,A,0.06
01_2021011615261076,367,163,422,177,B,0.68
02_2021011311130231,150,246,190,301,B,0.16
01_2021011410000471,35,162,59,140,A,0.8
01_2021011410174278,448,187,420,138,A,0.06
01_2021011409291599,148,373,105,335,A,0.6
01_2021011410074082,337,108,367,162,B,0.16
01_2021011610103199,448,152,471,145,A,0.76
01_2021011611263118,445,114,402,138,A,0.52
01_2021011410321091,431,19,475,37,B,0.54
01_2021011409290304,208,272,252,328,A,0.88
01_2021011410003050,474,212,466,233,B,0.96
02_2021011311124940,295,583,320,582,B,0.24
01_2021011410003050,137,175,123,153,A,0.84
01_2021011409590939,391,80,423,108,B,0.38
01_2021011610095022,213,322,269,313,B,0.1
01_2021011410540669,231,434,240,478,B,0.54
01_2021011615273869,405,36,479,36,B,0.88
01_2021011410041997,187,162,188,90,A,0.38
01_2021011410003341,315,215,377,223,B,0.88
01_2021011410000622,210,294,257,306,B,0.96
01_2021011615261076,234,18,174,12,B,0.1
02_2021011311125412,478,437,473,354,B,0.8
01_2021011610134178,390,327,320,334,B,0.42
01_2021011410321091,151,289,204,245,B,0.58
01_2021011410003050,367,230,361,204,B,0.68
01_2021011409592479,440,76,419,39,A,0.96
01_2021011410321091,151,289,78,253,B,0.74
01_2021011611172523,392,188,344,183,B,0.92
01_2021011610095022,213,322,232,396,B,0.22
02_2021011310520898,433,508,391,513,A,0.38
01_2021011613182150,285,552,348,568,B,0.52
01_2021011615202377,447,147,442,91,B,0.88
01_2021011610095022,232,396,288,438,A,0.32
02_2021011311124940,269,465,293,472,B,0.16
01_2021011409305840,437,185,403,145,A,0.84
01_2021011409420271,304,282,357,278,B,0.96
01_2021011410174278,448,187,454,247,B,0.64
01_2021011410003050,157,198,137,175,B,0.72
01_2021011610422212,399,179,366,208,A,0.48
02_2021011310594513,202,440,152,399,B,0.84
01_2021011410000471,435,67,427,35,A,-0.0
01_2021011410000471,462,80,435,67,A,0.36
01_2021011610411067,62,82,65,112,A,0.96
01_2021011610103199,424,197,443,195,A,0.96
02_2021011310562154,211,510,236,500,A,0.2
01_2021011409290304,296,44,268,86,A,0.64
01_2021011610094001,266,195,283,187,A,0.96
01_2021011410000471,348,321,329,311,B,0.68
02_2021011311124940,307,109,284,98,A,0.64
01_2021011610123221,302,395,303,457,B,0.48
01_2021011610130652,206,318,192,263,A,0.06
01_2021011410003050,345,251,365,249,A,0.72
02_2021011311124940,248,489,262,507,B,0.92
02_2021011310583163,70,450,116,412,B,0.64
01_2021011410074082,325,173,324,221,B,0.32
01_2021011610142961,284,431,324,403,B,0.36
01_2021011409420271,190,312,265,330,A,-0.0
01_2021011610411067,82,96,77,128,A,0.92
01_2021011611172523,372,264,317,277,B,0.88
01_2021011610422212,263,574,249,518,B,0.7
01_2021011610101991,427,248,394,292,B,0.88
01_2021011610411067,241,408,242,433,B,0.76
01_2021011410003567,102,53,45,60,B,0.58
01_2021011410003567,281,324,309,282,A,0.52
01_2021011610094001,260,26,269,43,B,0.88
01_2021011409292208,332,277,284,342,B,0.54
01_2021011410000471,213,95,193,85,A,0.1
01_2021011615261076,258,190,239,146,A,0.88
01_2021011410000471,420,225,403,210,A,0.56
01_2021011410475714,385,81,434,117,B,0.6
01_2021011615273869,431,334,387,316,B,1.0
01_2021011410004136,323,146,261,104,A,0.2
01_2021011410001993,209,57,250,44,A,0.96
01_2021011615273869,387,316,318,303,A,0.68
02_2021011311124940,269,465,278,487,A,0.52
01_2021011409272760,397,439,439,467,A,1.0
01_2021011409292208,296,454,331,416,A,0.48
01_2021011410041024,412,238,370,261,B,0.46
01_2021011410021266,274,120,323,107,B,0.92
01_2021011409414800,366,69,438,42,A,0.48
02_2021011311160485,266,140,286,131,B,0.96
01_2021011410034036,392,164,421,112,B,0.12
01_2021011613182150,310,515,348,568,B,0.56
01_2021011409272760,331,321,304,273,B,0.92
01_2021011410021266,324,202,366,251,B,0.12
01_2021011409420271,176,268,190,312,A,0.1
01_2021011610101991,383,239,394,292,B,0.82
01_2021011409584491,401,234,384,294,A,0.72
01_2021011410174278,454,247,481,282,A,0.78
01_2021011411301621,161,493,204,529,B,0.14
01_2021011411301621,439,124,484,128,B,0.84
02_2021011311153854,335,111,286,120,A,1.0
01_2021011610411067,114,101,82,96,B,0.96
01_2021011409590939,403,20,444,35,B,0.12
01_2021011611164293,394,194,425,201,A,0.36
01_2021011410003050,328,337,351,347,A,0.68
01_2021011613182150,310,515,354,485,B,0.7
01_2021011410483374,461,199,451,228,B,0.88
01_2021011410000622,312,155,370,154,A,0.56
01_2021011410034036,438,288,411,233,A,0.72
01_2021011410001993,457,437,405,465,B,1.0
01_2021011410020313,331,111,368,131,A,0.36
01_2021011410074082,328,41,337,108,B,0.22
01_2021011410483374,421,176,389,166,A,0.56
01_2021011410071465,233,228,257,184,A,0.88
01_2021011410010037,249,308,291,284,A,0.16
01_2021011610420287,431,582,459,549,A,0.96
01_2021011410003050,305,137,337,141,A,0.74
01_2021011611263118,376,178,402,251,B,0.72
01_2021011409281020,257,462,212,457,B,0.28
01_2021011409420271,187,433,231,373,B,0.2
01_2021011409420271,187,433,164,504,A,0.16
01_2021011410000622,272,55,259,12,A,0.56
01_2021011409272139,152,550,109,541,A,0.44
01_2021011610100687,395,87,461,114,B,0.92
01_2021011410010037,243,256,291,284,A,0.52
02_2021011311124940,183,493,159,489,A,0.24
01_2021011610422212,404,263,357,253,A,0.26
01_2021011410000471,371,76,371,58,B,0.32
01_2021011410003050,389,22,407,20,A,0.44
01_2021011410041997,187,162,234,210,A,0.38
01_2021011611164293,425,201,449,209,A,0.6
01_2021011615261076,227,253,279,228,B,0.72
01_2021011615261076,299,276,323,240,B,0.74
01_2021011410074082,408,27,464,71,B,0.44
02_2021011311014124,181,200,223,185,B,0.44
02_2021011310581515,365,436,392,467,B,0.52
02_2021011310521560,327,94,365,117,A,0.22
01_2021011410003567,102,53,134,22,B,0.42
01_2021011410034036,338,192,392,164,B,0.68
01_2021011615020875,352,297,402,274,B,0.88
01_2021011613182150,382,352,435,315,B,0.52
01_2021011610100687,183,84,254,89,B,0.92
02_2021011310582384,329,587,451,581,B,0.64
01_2021011409291599,50,457,26,416,B,0.6
01_2021011409414800,323,78,365,120,B,0.96
01_2021011611172523,438,85,416,142,A,0.88
01_2021011410073599,268,248,291,209,B,0.84
02_2021011311125412,269,399,339,366,A,0.92
01_2021011410474337,237,189,291,211,B,0.88
01_2021011410000471,408,114,401,82,B,0.84
01_2021011410321091,236,392,256,342,A,0.48
01_2021011410001636,320,492,320,449,A,1.0
02_2021011310563707,63,565,16,534,A,0.64
01_2021011410003050,102,174,86,188,A,0.62
01_2021011410000471,346,221,330,194,B,0.56
02_2021011310522895,24,520,73,561,B,0.88
01_2021011615273869,238,438,288,421,B,0.48
01_2021011410000471,349,570,324,579,B,1.0
01_2021011611172523,458,153,423,228,B,0.88
01_2021011410001636,406,21,352,25,B,0.8
01_2021011610103199,427,173,443,195,A,0.92
01_2021011610142961,370,245,421,258,A,0.92
01_2021011409590939,324,292,339,352,B,1.0
02_2021011310581515,221,315,165,315,A,-0.0
01_2021011410001993,319,280,384,305,B,0.68
02_2021011311124340,250,449,248,535,A,0.68
02_2021011311124940,293,472,278,487,A,0.48
02_2021011311124940,90,522,92,556,B,0.06
01_2021011410020313,331,111,326,161,A,0.96
01_2021011410483374,257,120,271,137,B,0.68
01_2021011409272760,356,196,331,241,B,0.78
01_2021011611164293,437,121,460,138,A,0.96
01_2021011410041024,188,188,221,241,A,0.88
02_2021011311125412,299,31,312,104,B,0.68
01_2021011410000471,155,88,165,67,B,0.88
01_2021011610114926,267,409,307,377,A,0.52
02_2021011311124940,162,392,163,414,A,0.72
02_2021011311124940,230,537,231,565,B,0.68
01_2021011410035151,164,551,233,522,A,0.42
02_2021011311160485,215,116,240,100,A,0.92
01_2021011615273869,361,370,431,334,A,0.96
01_2021011410034036,395,36,435,72,B,0.68
01_2021011410000471,443,117,408,114,A,-0.0
02_2021011311124340,93,510,40,554,B,0.38
01_2021011410003050,360,283,359,303,A,0.58
01_2021011410003050,287,134,285,161,A,-0.0
01_2021011410000471,435,67,416,61,B,0.68
01_2021011611002077,247,179,222,135,B,0.96
01_2021011410540669,133,68,122,108,B,0.52
02_2021011311124940,322,64,298,62,A,0.6
01_2021011611172523,423,228,372,264,A,0.88
01_2021011610103199,235,467,217,472,A,0.62
02_2021011310521560,342,558,383,543,A,0.88
01_2021011410074082,268,162,325,173,B,0.62
01_2021011409592479,385,372,458,385,A,1.0
02_2021011311124340,211,478,172,495,A,0.92
02_2021011311160485,240,100,255,77,B,0.88
01_2021011410041024,57,123,33,73,B,0.48
01_2021011410003341,244,201,201,280,B,0.38
01_2021011610095022,269,313,303,240,A,0.88
01_2021011410034036,347,233,302,221,B,0.88
01_2021011410004136,300,80,261,104,B,0.96
01_2021011410003341,315,215,244,201,B,0.48
01_2021011610103199,387,291,397,269,A,0.92
02_2021011311124940,200,481,183,493,A,-0.0
01_2021011610411067,208,196,236,201,B,0.1
01_2021011410000471,427,35,416,61,B,0.4
01_2021011615202377,394,543,351,582,A,1.0
01_2021011611002077,320,100,248,77,A,0.92
01_2021011611021737,313,519,253,567,A,0.68
01_2021011610411067,157,95,138,88,A,0.38
02_2021011310582384,271,574,229,543,B,0.04
01_2021011409281020,334,477,379,500,B,0.38
01_2021011610100687,339,482,315,539,B,0.96
02_2021011311124940,293,472,311,486,B,0.16
01_2021011610134178,464,205,421,148,A,0.6
01_2021011409420271,198,556,156,575,A,0.64
01_2021011409291257,407,479,435,539,A,0.46
01_2021011610420287,360,432,313,408,A,0.52
01_2021011410034036,421,112,382,82,A,0.6
01_2021011409272139,305,481,305,431,A,0.7
01_2021011610094001,279,357,311,356,B,0.96
01_2021011610412083,451,225,452,284,A,0.92
01_2021011610105145,266,160,299,187,A,0.88
01_2021011410174278,419,545,478,535,A,0.96
01_2021011409292208,363,190,426,186,B,0.38
01_2021011409272760,477,266,440,291,A,0.28
02_2021011311124940,262,507,269,539,A,0.52
01_2021011409590939,391,80,338,83,A,0.22
01_2021011610105145,426,74,399,25,A,0.84
01_2021011410001993,483,245,467,149,A,0.8
01_2021011410003050,279,179,303,184,A,0.92
02_2021011310530659,316,216,274,203,A,0.84
01_2021011611164293,374,279,391,301,B,1.0
01_2021011409272139,447,494,408,564,B,0.56
01_2021011615020875,467,94,466,27,B,0.84
01_2021011410005371,313,105,276,46,B,0.06
01_2021011410000622,167,433,199,491,B,0.38
02_2021011311160485,117,414,143,428,A,0.12
02_2021011311124340,93,510,24,502,A,0.58
01_2021011610113767,164,447,233,410,A,0.88
01_2021011615273869,69,60,17,79,A,-0.0
01_2021011410071465,233,228,284,262,B,0.64
01_2021011611263118,427,46,445,114,B,0.34
02_2021011310581515,246,558,202,552,A,0.4
01_2021011409305840,318,14,326,61,A,0.68
01_2021011409272760,351,386,331,321,A,0.92
01_2021011410034036,392,164,465,135,A,0.78
02_2021011311160485,245,28,272,16,B,0.68
02_2021011311124940,230,97,248,104,B,0.76
01_2021011410001297,354,284,319,344,A,0.2
01_2021011611332907,288,70,330,142,A,0.92
01_2021011409292794,431,489,387,453,B,0.96
01_2021011409285679,285,115,338,70,B,0.78
02_2021011310581515,368,380,429,366,A,0.64
01_2021011409590939,289,248,240,218,B,0.16
02_2021011311124940,88,346,108,336,A,0.6
01_2021011610094001,245,103,271,122,A,0.92
01_2021011610412083,396,321,393,373,A,0.02
01_2021011410001297,264,300,206,356,B,0.78
01_2021011410174278,363,229,299,222,B,0.38
02_2021011310521560,366,195,389,237,B,0.68
01_2021011410041997,281,407,246,353,B,0.64
01_2021011610105145,249,575,277,536,A,0.92
01_2021011611002077,247,179,264,124,B,0.58
01_2021011410003341,315,215,276,255,B,0.68
01_2021011410003050,310,243,320,269,A,0.84
01_2021011409290304,305,162,352,117,B,0.32
01_2021011615202377,238,112,269,152,B,0.74
01_2021011409305840,485,376,431,315,B,0.96
01_2021011410003341,461,95,395,66,A,0.36
02_2021011310522895,351,210,311,248,B,0.96
01_2021011610422212,467,209,438,142,A,0.96
01_2021011615261076,250,351,202,349,B,0.84
01_2021011611164293,374,279,404,286,B,1.0
01_2021011410000471,213,95,214,71,A,0.12
01_2021011409290304,268,138,305,107,B,0.38
01_2021011610101991,323,266,394,292,B,0.78
02_2021011310581515,147,273,165,315,B,0.28
01_2021011409272139,234,552,192,573,A,0.22
01_2021011615261076,202,349,154,284,A,0.58
02_2021011310520898,344,54,424,38,B,0.64
01_2021011610103199,219,495,194,491,B,0.12
01_2021011410000622,308,91,323,42,A,0.16
01_2021011410003050,346,365,365,379,B,0.84
02_2021011311130231,229,331,234,268,B,0.68
01_2021011610100687,345,88,395,87,A,0.88
01_2021011410000471,13,164,35,162,B,0.96
01_2021011615261076,367,163,310,137,A,0.56
01_2021011410483374,408,259,411,293,B,0.88
02_2021011311124940,251,540,231,565,B,0.64
01_2021011410000622,259,12,381,14,B,0.92
01_2021011410540669,253,387,338,406,B,0.74
01_2021011410071465,98,166,66,132,B,0.44
01_2021011410321091,210,448,167,448,A,0.8
01_2021011410000471,311,97,313,73,B,0.92
01_2021011410540669,402,259,364,209,A,0.62
01_2021011410004136,435,198,442,263,A,0.52
01_2021011410074082,320,489,327,438,A,0.72
01_2021011409291599,454,115,431,156,A,0.38
01_2021011410000471,378,378,399,400,B,0.96
01_2021011410000471,248,245,227,234,A,0.6
02_2021011310521560,295,501,336,488,B,0.92
01_2021011610110620,457,114,456,164,A,0.84
02_2021011311130231,93,232,35,216,A,0.5
01_2021011615261076,310,137,258,190,B,0.92
01_2021011410004136,348,201,279,211,A,0.88
01_2021011410000471,333,476,324,444,B,1.0
01_2021011410483374,329,199,326,180,A,0.56
01_2021011615202377,238,112,316,103,B,0.88
01_2021011611164293,417,151,443,168,A,0.96
01_2021011410483374,387,217,403,242,A,0.88
02_2021011311013655,214,227,257,245,B,0.1
01_2021011409584998,477,531,411,560,B,1.0
02_2021011310562154,137,168,134,144,A,0.36
01_2021011410321091,176,213,204,245,B,0.1
01_2021011611263118,348,380,295,377,A,0.92
02_2021011310520898,344,54,407,97,B,0.68
01_2021011409292794,21,385,44,446,B,0.26
01_2021011409272760,477,266,437,243,A,0.7
01_2021011410001297,264,300,241,255,B,0.76
01_2021011410004136,323,146,300,80,A,0.96
01_2021011610100687,297,329,312,386,A,0.56
01_2021011611172523,362,396,303,370,A,0.74
01_2021011409291599,116,283,52,256,B,0.34
01_2021011610103199,388,217,388,238,B,0.52
01_2021011615202377,323,335,344,372,B,0.84
01_2021011410003050,296,109,320,96,A,0.7
02_2021011310522895,167,492,211,458,B,0.92
01_2021011615261076,239,146,195,104,B,0.84
01_2021011610113767,94,106,43,103,A,0.64
01_2021011409272760,330,160,356,196,A,0.88
01_2021011409592479,231,537,293,571,B,0.96
01_2021011409305840,384,81,437,98,B,0.64
01_2021011410003567,349,303,333,243,A,0.92
01_2021011410474337,453,45,415,70,A,0.58
01_2021011615273869,283,41,321,15,B,0.92
02_2021011311124940,114,462,128,479,A,0.64
01_2021011410073599,295,370,323,405,A,0.56
01_2021011409291257,267,38,246,84,B,0.38
01_2021011610411067,24,111,34,126,A,0.32
01_2021011610411067,241,408,259,414,B,0.6
02_2021011310522895,282,451,211,458,B,0.38
02_2021011310594513,143,230,181,200,A,0.7
01_2021011410001636,312,248,322,192,B,0.4
01_2021011610103199,362,304,379,314,B,0.92
01_2021011410003050,68,307,36,292,A,0.52
01_2021011610100687,122,409,124,353,A,0.88
01_2021011410003341,395,66,450,48,B,0.76
01_2021011410001993,124,103,133,33,B,0.92
01_2021011410001297,314,299,319,344,A,-0.0
01_2021011410001993,216,103,250,44,A,0.96
01_2021011410474337,334,18,235,13,A,-0.0
01_2021011610092687,411,206,346,177,B,0.78
01_2021011410005371,313,105,258,113,B,0.06
01_2021011610100687,339,482,372,548,B,0.96
01_2021011410001993,434,398,385,397,B,1.0
02_2021011311125412,381,379,339,366,A,0.78
01_2021011610094001,230,125,233,147,A,0.52
01_2021011409290304,352,117,392,149,B,0.92
02_2021011311125412,421,453,478,437,A,0.96
01_2021011410071465,170,174,121,123,B,0.42
01_2021011410003050,407,69,382,51,B,0.52
01_2021011409292208,244,245,217,212,B,0.28
01_2021011410474337,253,140,308,116,B,0.06
01_2021011410003050,379,264,365,249,A,0.36
01_2021011409590939,464,86,444,35,B,0.84
01_2021011410010037,249,308,255,359,B,0.2
01_2021011409292208,83,41,59,100,A,0.88
01_2021011410000471,374,275,394,272,A,0.88
01_2021011610100687,202,396,267,373,A,0.78
01_2021011409272139,232,494,239,437,A,0.58
01_2021011409272760,304,273,331,241,A,0.96
01_2021011610422212,168,31,192,70,B,0.18
01_2021011610114926,398,42,456,98,B,0.84
01_2021011410003341,18,212,19,260,B,0.36
01_2021011610420287,372,381,360,432,B,0.34
01_2021011409592479,220,80,294,71,A,0.6
01_2021011410035151,333,279,360,326,A,0.62
01_2021011409592479,374,446,427,462,A,1.0
01_2021011409292208,287,271,244,245,B,0.84
01_2021011410003050,398,168,424,167,B,0.36
01_2021011410003050,307,284,325,295,A,0.68
01_2021011610412083,365,136,406,93,B,0.84
01_2021011409584491,384,294,400,337,B,0.96
01_2021011410000471,386,170,402,158,B,0.4
02_2021011311013655,263,474,210,483,B,0.06
01_2021011613182150,214,104,274,40,A,0.88
01_2021011409291599,279,229,212,246,B,0.54
01_2021011409290304,422,110,397,54,A,0.96
01_2021011610134178,310,398,320,334,B,0.74
02_2021011311124340,131,350,115,418,A,0.8
01_2021011610101991,366,330,299,342,A,0.82
01_2021011611002077,289,172,247,179,A,0.92
01_2021011409272139,197,130,153,140,A,0.06
01_2021011409590939,289,248,242,280,A,0.48
01_2021011410073599,435,163,481,215,A,0.88
01_2021011409285679,486,367,486,235,B,0.96
02_2021011311125412,221,298,160,251,A,0.82
01_2021011410321091,431,19,445,72,B,0.38
01_2021011410000622,266,100,308,91,B,0.96
02_2021011311125412,381,379,406,323,B,0.32
01_2021011410003050,296,109,324,115,A,0.6
02_2021011311014124,181,200,173,158,A,0.62
01_2021011410035151,481,177,474,110,B,0.4
02_2021011310522895,319,512,280,542,A,0.48
01_2021011409420271,175,162,187,98,B,0.48
01_2021011410020313,382,48,442,18,A,0.54
01_2021011611332907,234,293,192,300,A,0.88
02_2021011311124940,68,533,53,555,A,0.52
01_2021011610100687,348,434,339,482,A,0.92
01_2021011610100687,252,297,297,329,B,0.96
01_2021011610411067,142,106,157,95,B,0.48
01_2021011410540669,289,486,309,438,B,0.78
01_2021011610113767,147,97,113,59,B,0.38
02_2021011311130231,273,521,234,505,A,0.8
01_2021011611002630,164,48,156,91,B,0.74
01_2021011610103199,407,244,425,237,B,0.92
01_2021011410000471,331,339,329,311,B,0.68
01_2021011611002630,349,235,381,197,B,0.48
01_2021011409272760,331,321,376,249,A,0.72
01_2021011610134178,181,472,228,505,B,0.74
01_2021011611164293,129,292,100,278,B,0.76
01_2021011615273869,239,236,288,272,B,0.44
01_2021011610123221,226,330,271,298,B,0.8
01_2021011410035151,303,324,360,326,A,0.62
01_2021011409292208,155,23,83,41,B,0.48
01_2021011409292208,287,271,320,230,A,0.48
01_2021011410041024,341,46,275,65,A,0.88
01_2021011610411067,232,547,228,576,A,0.84
01_2021011409420271,304,282,257,287,B,0.56
01_2021011410000471,251,146,233,158,B,0.56
01_2021011409413353,453,286,467,245,A,1.0
01_2021011410003567,349,303,309,282,A,0.92
01_2021011615261076,299,276,217,307,B,0.38
02_2021011310594513,262,457,202,440,A,0.88
01_2021011611172523,458,153,392,188,A,0.84
01_2021011410540669,189,217,252,201,B,0.88
01_2021011410540669,440,85,486,80,B,0.44
01_2021011610142416,483,161,458,119,B,0.44
01_2021011410003050,356,185,351,164,B,0.88
01_2021011409272760,330,160,311,109,A,0.38
02_2021011311124940,248,104,250,77,A,0.56
01_2021011610130652,335,432,344,390,A,0.74
01_2021011610094001,388,439,379,467,A,0.92
02_2021011311013655,312,220,257,245,B,0.04
01_2021011615020875,335,195,396,213,A,0.72
01_2021011610094001,404,466,379,467,A,0.72
01_2021011410003341,336,73,395,66,A,0.64
01_2021011610422212,18,197,63,191,A,0.8
01_2021011611164293,460,138,457,157,A,0.52
02_2021011310581515,147,273,71,241,A,-0.0
01_2021011409420271,175,162,247,173,B,0.42
02_2021011311124940,114,462,137,463,A,0.64
01_2021011409272760,477,266,474,202,A,0.38
01_2021011615020875,373,174,396,213,A,0.32
01_2021011410474337,39,123,24,54,B,0.48
01_2021011410483374,277,265,257,276,A,0.56
02_2021011310525812,194,363,141,409,A,0.36
01_2021011409292208,325,86,292,46,B,0.22
02_2021011311124940,286,47,311,46,B,0.56
02_2021011310582384,200,327,190,258,A,0.16
01_2021011615202377,316,103,371,73,A,0.96
01_2021011410003050,87,290,68,307,B,0.2
01_2021011610103199,194,491,178,509,B,0.2
02_2021011310594513,152,399,165,343,A,0.56
01_2021011410021266,286,55,323,107,B,0.92
02_2021011311124940,287,28,311,46,B,0.56
01_2021011410001993,426,233,387,185,A,0.92
02_2021011310531891,243,363,211,390,A,0.14
01_2021011610420287,205,530,221,578,A,0.52
02_2021011311124940,131,411,145,428,A,0.92
01_2021011410000471,227,234,214,213,A,0.24
01_2021011410071465,215,113,214,158,B,0.92
01_2021011409291257,407,479,455,494,A,0.5
01_2021011410004136,292,315,334,302,B,0.84
02_2021011311124940,68,533,92,556,B,0.06
01_2021011410021266,324,157,274,120,A,0.92
02_2021011310562154,205,542,211,510,B,0.96
01_2021011410073599,352,327,386,371,A,0.56
01_2021011610100687,185,31,229,53,B,0.96
02_2021011310521560,265,352,313,352,B,0.68
02_2021011311124940,286,515,269,539,A,0.58
01_2021011410001993,405,465,434,398,A,1.0
01_2021011610100687,402,197,454,226,B,0.52
01_2021011610411067,97,125,82,96,B,0.8
01_2021011611332907,412,307,370,253,A,0.84
01_2021011410020313,351,270,393,273,B,1.0
01_2021011610100687,183,84,212,141,B,0.92
01_2021011409272139,239,437,219,388,A,0.78
01_2021011410483374,342,172,326,180,A,0.88
01_2021011410000471,328,59,342,47,A,0.88
01_2021011615261076,425,56,475,76,B,0.88
01_2021011409420271,198,556,164,504,A,0.26
01_2021011610422212,467,209,424,222,A,0.06
01_2021011410000622,259,12,323,42,B,0.96
01_2021011410034036,445,208,392,164,A,0.12
01_2021011409291599,105,335,83,381,B,0.7
02_2021011310521560,335,435,295,501,A,0.82
01_2021011409292794,33,558,77,554,B,0.28
01_2021011410001636,407,272,343,292,A,0.34
01_2021011610103199,388,217,408,214,B,0.92
01_2021011610105145,207,550,277,536,A,0.6
01_2021011610101991,243,529,290,517,B,0.78
01_2021011409272139,340,375,274,394,A,0.52
01_2021011611172523,369,114,416,142,A,0.78
01_2021011409292208,206,163,172,205,A,0.16
01_2021011409590939,391,80,444,35,B,0.52
01_2021011411301621,274,360,269,289,B,0.52
01_2021011611164293,412,242,430,251,B,1.0
01_2021011610123221,303,349,302,395,A,0.88
01_2021011410003050,231,151,246,160,B,0.2
01_2021011410475714,105,74,56,98,A,0.36
01_2021011409272760,284,191,330,160,B,0.68
01_2021011610110620,382,134,414,189,B,0.96
01_2021011610413161,375,433,372,485,B,0.6
01_2021011409291599,216,438,256,418,A,0.38
01_2021011410001297,395,396,440,377,A,1.0
01_2021011410000471,126,77,124,45,B,0.88
01_2021011410000471,174,85,154,110,A,0.96
01_2021011410001993,345,55,374,85,A,0.96
01_2021011610101991,411,190,427,248,A,0.6
01_2021011610100687,339,482,274,490,B,0.96
01_2021011615273869,301,378,249,368,A,0.74
01_2021011615261076,332,50,276,78,A,0.56
01_2021011610092687,375,494,441,519,A,1.0
01_2021011410041024,256,303,282,357,B,0.26
01_2021011410003050,285,161,305,137,A,0.32
01_2021011610411067,24,111,13,139,A,0.06
01_2021011410003050,438,135,412,124,A,0.04
02_2021011310594513,202,440,139,444,B,0.74
01_2021011410000471,386,170,384,149,B,0.4
01_2021011409305840,197,504,216,460,B,0.64
01_2021011410000471,378,378,401,378,B,0.52
01_2021011611263118,402,138,425,198,B,0.64
01_2021011409420271,175,162,212,198,B,0.44
01_2021011410000471,397,34,371,58,B,0.84
01_2021011409272760,283,340,309,395,B,0.88
01_2021011410321091,256,342,287,398,B,0.4
01_2021011611002630,438,112,368,83,B,0.42
01_2021011615020875,352,297,306,284,B,0.84
01_2021011610113767,55,146,109,146,B,0.48
01_2021011610101991,139,304,187,308,B,0.52
01_2021011410001636,431,232,485,221,A,0.68
01_2021011410073599,278,93,302,35,B,0.64
01_2021011409590939,465,231,446,152,A,0.96
01_2021011410001297,377,204,400,279,A,0.92
01_2021011610134178,310,398,269,371,A,0.48
01_2021011410321091,264,245,226,188,A,0.46
02_2021011310582384,285,532,345,546,B,0.16
01_2021011615202377,312,412,297,368,A,0.58
02_2021011310582384,329,587,271,574,B,0.6
01_2021011610422212,311,200,366,208,A,0.56
01_2021011409414800,387,388,432,412,A,1.0
01_2021011610142416,474,205,457,253,B,0.58
01_2021011610422212,124,59,95,92,A,0.54
02_2021011311124940,210,520,190,533,A,0.92
01_2021011410474337,415,225,455,252,A,0.48
01_2021011610412083,185,521,153,566,A,0.74
01_2021011610420287,126,457,209,460,B,0.6
01_2021011410540669,79,90,122,108,B,0.58
01_2021011410000471,422,99,419,80,B,0.52
02_2021011311124940,285,549,306,560,B,0.6
01_2021011410001297,354,284,400,279,A,0.76
01_2021011610142961,373,545,318,521,A,0.92
01_2021011410003050,267,151,285,161,B,0.36
01_2021011409590939,264,324,289,248,A,0.12
01_2021011409285679,154,203,115,273,A,0.06
01_2021011410000471,397,34,409,16,A,0.16
01_2021011610123221,463,150,436,183,B,0.68
01_2021011410003341,245,95,184,120,A,0.32
01_2021011610103199,425,237,408,214,A,0.92
02_2021011311014124,181,266,181,200,A,0.06
01_2021011410003050,345,315,312,312,A,0.48
02_2021011310562154,259,453,284,462,B,0.56
01_2021011409425225,369,70,444,65,B,1.0
01_2021011410483374,454,38,476,49,B,0.4
02_2021011310562154,185,349,185,380,A,0.28
01_2021011410001636,267,13,209,49,A,0.2
01_2021011410003341,12,448,21,364,A,0.96
02_2021011310582384,160,204,101,191,B,0.68
01_2021011610424958,377,30,332,13,A,0.78
01_2021011615202377,393,193,454,198,A,0.1
01_2021011409584491,387,84,439,82,A,0.42
01_2021011410540669,393,39,452,39,A,0.64
01_2021011615273869,281,337,249,368,A,0.32
01_2021011409413353,120,139,111,94,A,0.68
01_2021011410001636,456,25,406,21,A,0.64
01_2021011610134178,422,275,348,290,B,0.1
01_2021011610103199,381,260,397,269,A,0.88
01_2021011410321091,176,213,226,188,B,0.1
02_2021011310521560,365,117,366,195,B,0.64
01_2021011410035151,233,522,253,468,A,0.46
02_2021011310562154,272,411,251,407,A,0.74
01_2021011410000471,368,196,349,194,B,0.56
01_2021011410003050,356,185,335,194,A,0.16
02_2021011311124340,421,483,377,526,A,0.06
02_2021011310583163,251,431,237,505,A,0.42
01_2021011610094001,353,444,368,433,A,0.48
02_2021011310522429,259,102,289,65,A,0.2
01_2021011410001297,306,75,373,66,A,0.88
01_2021011410000471,454,148,463,177,A,0.16
01_2021011610130652,397,215,409,282,A,0.38
01_2021011615261076,258,400,196,436,A,0.06
01_2021011409425225,181,62,127,86,B,0.42
02_2021011310583163,270,581,340,553,B,0.16
01_2021011410004136,399,79,356,25,A,1.0
01_2021011410041997,159,213,187,162,A,-0.0
02_2021011311160485,244,50,236,72,B,0.52
01_2021011410041024,221,241,264,258,B,0.32
02_2021011311130231,76,338,158,375,A,0.04
01_2021011610094001,257,469,238,455,A,0.96
01_2021011410000471,163,222,151,194,B,0.48
01_2021011610095022,232,396,219,445,A,0.38
01_2021011615202377,371,73,308,49,B,0.84
01_2021011610123221,372,71,435,18,A,0.52
01_2021011610094001,197,136,210,122,B,0.1
02_2021011310562154,269,515,299,503,B,0.56
01_2021011610411067,47,276,26,274,B,0.7
02_2021011310582384,133,328,157,384,A,0.34
02_2021011311130231,234,268,192,254,A,0.06
01_2021011409420271,190,312,231,373,A,-0.0
02_2021011311124940,163,516,166,540,A,0.46
02_2021011310563707,34,307,18,350,B,0.6
02_2021011310520898,278,384,190,386,A,0.42
02_2021011310520898,382,556,453,566,B,0.06
01_2021011411301621,269,289,341,311,B,0.2
01_2021011409413353,146,179,114,218,A,0.5
01_2021011409413353,197,527,192,584,A,0.24
01_2021011410003567,43,291,89,294,B,0.62
01_2021011611263118,330,333,377,288,B,0.38
02_2021011311130231,264,306,255,370,B,0.06
01_2021011409290304,140,265,180,232,A,0.04
02_2021011310581515,233,66,227,12,A,0.28
01_2021011410000471,127,198,151,194,B,0.52
01_2021011409414800,217,126,179,194,A,0.08
01_2021011409413353,263,540,197,527,A,0.16
01_2021011410321091,236,392,287,398,B,0.28
02_2021011311014124,257,358,309,353,B,0.48
01_2021011409292794,396,277,443,296,A,0.16
01_2021011409425748,425,420,369,445,B,1.0
01_2021011410003050,325,295,345,315,B,0.52
01_2021011411301621,277,406,225,388,A,0.2
01_2021011410000471,315,28,295,29,A,0.96
01_2021011410041024,315,292,370,261,B,0.3
01_2021011409290304,221,482,193,423,A,0.06
01_2021011610424958,312,315,371,348,A,0.32
01_2021011610132252,191,574,228,553,B,0.48
02_2021011311160485,417,233,442,230,A,0.56
01_2021011410001993,261,474,260,430,A,0.6
01_2021011410010037,249,308,243,256,B,0.32
01_2021011610413161,226,518,173,541,A,0.06
02_2021011311124940,50,516,14,518,A,0.68
01_2021011409273251,124,476,145,434,B,0.5
02_2021011310581515,307,206,229,195,B,0.38
01_2021011611164293,460,138,476,125,A,0.2
02_2021011310583163,280,335,212,377,A,0.56
01_2021011610422212,411,405,348,377,A,0.74
01_2021011410000471,328,59,315,28,B,0.18
01_2021011610095022,288,438,345,422,B,0.7
01_2021011410021266,432,177,475,171,A,0.54
01_2021011410474337,354,314,355,381,B,0.68
01_2021011409420271,169,357,190,312,B,0.22
02_2021011311130231,369,407,316,382,A,0.2
01_2021011410000622,312,155,266,100,A,0.76
01_2021011610114926,267,409,231,475,A,0.02
01_2021011410000471,186,442,213,426,B,0.3
01_2021011611263118,381,72,427,46,A,0.46
02_2021011311124340,269,21,294,62,B,0.72
01_2021011610422212,37,101,30,156,A,0.64
01_2021011409272139,305,431,239,437,A,0.48
01_2021011409292794,335,445,259,464,A,0.58
01_2021011409592479,286,116,248,163,A,0.28
02_2021011310530659,315,287,271,251,A,0.48
01_2021011410483374,389,297,366,311,A,0.72
01_2021011410000471,20,47,46,34,B,0.96
01_2021011409413353,120,139,57,91,A,0.68
01_2021011410003050,306,364,310,331,A,0.68
02_2021011310582384,63,352,20,353,B,0.12
01_2021011409272760,311,109,312,63,A,0.72
01_2021011410021266,346,339,327,269,A,0.06
01_2021011410001636,167,141,207,158,B,0.34
02_2021011311124340,256,387,250,449,B,0.04
01_2021011611002077,190,349,237,327,B,0.16
01_2021011409291599,256,418,285,465,B,0.84
01_2021011409290304,97,205,140,265,B,0.16
01_2021011409425225,210,18,263,58,B,0.52
01_2021011410000471,126,77,146,69,B,0.2
02_2021011310594513,165,343,132,306,A,0.1
02_2021011311124940,199,456,177,465,B,0.52
02_2021011311124940,392,549,414,545,B,0.78
01_2021011615273869,244,291,288,272,B,0.12
01_2021011610142416,160,505,150,578,A,0.48
01_2021011409590939,391,80,367,43,B,0.04
01_2021011410321091,256,342,300,287,A,-0.0
01_2021011410000471,224,114,248,100,B,0.42
01_2021011410020313,89,69,112,26,A,0.72
01_2021011410041024,238,464,303,456,B,0.1
01_2021011615261076,258,400,202,349,A,0.12
01_2021011610101991,309,193,346,218,B,0.42
02_2021011311124940,185,303,190,322,A,0.64
01_2021011611164293,245,27,269,25,B,0.18
02_2021011311124340,52,363,115,418,A,0.32
01_2021011409292794,459,251,419,227,B,0.48
01_2021011611164293,438,142,457,157,A,0.56
01_2021011410001993,72,166,124,103,A,0.88
01_2021011611002077,320,100,264,124,A,0.72
01_2021011611164293,460,138,486,155,A,0.52
01_2021011410003567,333,371,281,324,A,0.62
01_2021011410483374,46,56,39,75,A,0.2
01_2021011610134178,422,275,415,209,B,0.42
02_2021011311124940,113,530,113,563,A,0.16
01_2021011409285679,115,324,163,281,B,0.06
01_2021011410000471,340,247,326,219,A,-0.0
02_2021011311160485,266,140,297,146,B,0.96
02_2021011310522895,248,78,237,17,A,0.0
01_2021011409425748,249,311,191,262,A,0.38
01_2021011409584998,223,435,160,462,B,0.38
02_2021011310521560,333,156,365,117,A,0.64
01_2021011409420271,231,373,309,395,B,0.6
01_2021011610424958,312,315,324,375,A,0.32
01_2021011610100687,297,329,267,373,A,0.16
01_2021011610411067,141,170,141,194,A,0.44
01_2021011611002077,264,124,222,135,B,0.1
01_2021011409285679,154,203,163,281,B,0.38
01_2021011410540669,237,90,286,30,B,0.74
01_2021011409272760,369,19,290,17,A,0.84
01_2021011410474337,319,464,275,428,A,0.54
01_2021011410321091,479,106,445,72,B,0.02
01_2021011615273869,462,235,479,196,A,0.6
02_2021011310520898,239,127,304,125,B,0.26
01_2021011610130652,418,176,465,209,A,0.16
01_2021011410474337,207,60,126,65,A,0.16
02_2021011311124940,248,489,278,487,B,0.56
01_2021011615261076,350,320,366,245,A,0.46
02_2021011311125412,221,298,232,342,B,0.84
01_2021011610412083,396,321,352,325,B,0.16
01_2021011409584998,286,445,223,435,A,0.78
01_2021011410483374,458,69,445,55,A,0.5
01_2021011610123221,256,447,258,512,B,0.2
01_2021011410000622,199,491,256,527,B,0.58
02_2021011311130231,234,268,190,301,A,0.16
01_2021011410000471,248,125,224,114,A,0.54
02_2021011310582384,313,458,369,474,B,0.2
01_2021011610415132,201,571,210,527,B,0.22
01_2021011410540669,399,103,440,85,A,0.32
01_2021011410074082,293,111,328,41,A,0.72
01_2021011610114926,231,475,173,472,B,0.04
01_2021011610105145,259,492,233,443,A,0.16
01_2021011410000471,435,67,449,48,A,0.2
01_2021011610110620,409,310,418,267,A,0.84
01_2021011410021266,289,229,327,269,B,0.32
01_2021011410474337,453,45,387,15,A,0.04
01_2021011610101991,309,193,323,266,B,0.42
02_2021011310521560,328,306,313,352,A,0.84
01_2021011615261076,366,245,439,276,B,0.24
01_2021011410540669,349,459,391,477,B,0.74
01_2021011611332907,330,142,291,158,B,0.88
02_2021011310583163,299,520,235,556,A,0.42
01_2021011410001297,423,147,422,81,A,0.52
01_2021011410004136,277,267,236,233,A,0.36
01_2021011410004136,278,359,339,344,B,0.84
01_2021011610411067,220,215,200,216,A,0.28
01_2021011610134178,360,385,320,334,A,0.48
01_2021011410004136,323,146,246,167,B,0.12
01_2021011409590939,274,161,261,113,A,0.58
01_2021011615261076,422,177,422,222,B,0.32
02_2021011311124940,174,333,203,341,A,0.6
02_2021011311125412,155,494,90,513,B,0.42
01_2021011411301621,269,289,323,352,B,0.2
01_2021011411301621,277,406,274,360,A,0.36
01_2021011409590939,240,218,274,161,A,-0.0
02_2021011310521560,363,333,313,352,A,0.88
01_2021011410483374,430,79,458,69,B,0.5
01_2021011610413161,321,432,322,494,B,0.52
01_2021011409584998,396,122,449,111,A,0.96
01_2021011610412083,399,219,422,155,A,0.16
01_2021011410540669,237,90,310,82,B,0.78
02_2021011311125412,273,331,221,298,A,0.74
01_2021011611164293,32,92,19,122,B,0.56
01_2021011409413353,197,527,179,478,A,0.3
01_2021011410003567,130,86,102,53,A,0.24
01_2021011610123221,314,303,359,360,A,0.22
01_2021011410000471,434,171,463,177,A,-0.0
01_2021011615261076,422,177,473,227,B,0.22
01_2021011410041997,188,90,252,113,A,0.26
01_2021011410540669,99,172,65,136,B,0.02
01_2021011610422212,304,526,263,574,A,0.6
01_2021011409592479,450,282,428,322,A,0.32
01_2021011610095022,327,492,288,438,A,0.84
02_2021011310581515,307,206,260,235,B,0.64
01_2021011409272139,298,187,333,229,A,0.48
01_2021011410000471,52,13,28,30,A,0.76
01_2021011610422212,357,253,311,200,B,0.16
01_2021011409425225,444,65,472,97,B,0.92
02_2021011310583163,251,431,293,391,B,0.2
01_2021011409590939,364,154,391,80,A,0.42
02_2021011311013655,190,45,231,29,B,0.92
01_2021011409592479,382,282,428,322,A,0.52
01_2021011610412083,384,266,356,232,A,0.2
01_2021011410071465,189,25,115,22,A,0.32
01_2021011611332907,434,246,412,307,A,0.54
01_2021011410474337,295,389,275,428,A,0.22
01_2021011610411067,74,192,85,210,A,0.92
01_2021011611172523,372,264,345,334,B,0.74
01_2021011610142416,311,420,257,422,A,0.16
02_2021011311125412,256,265,297,278,B,0.38
01_2021011610422212,403,30,452,48,B,0.3
02_2021011310563707,111,310,139,343,A,0.06
02_2021011310583163,254,169,297,120,A,0.84
01_2021011410005371,352,273,276,245,A,0.34
01_2021011610411067,462,134,469,152,B,0.1
01_2021011410005371,344,209,288,180,A,0.1
01_2021011409592479,428,322,385,372,B,0.2
01_2021011410000471,192,486,205,501,B,0.12
01_2021011410074082,377,120,416,88,A,0.04
01_2021011409291257,423,400,401,437,B,0.46
01_2021011409425225,374,203,343,166,A,0.72
01_2021011615202377,282,276,278,328,B,0.46
01_2021011410003341,293,94,286,21,A,0.16
01_2021011410010037,234,421,290,402,B,0.88
02_2021011310522895,237,17,206,54,B,0.1
01_2021011610092687,256,433,312,448,B,0.42
01_2021011409272139,244,307,218,257,A,-0.0
01_2021011410001297,363,162,356,107,A,0.84
01_2021011410010037,290,402,255,359,A,0.68
02_2021011311125412,339,366,316,324,A,0.28
01_2021011410003050,327,250,348,229,B,0.32
01_2021011410000471,417,141,408,114,A,0.16
02_2021011311124940,185,303,192,285,B,0.16
01_2021011410074082,337,108,377,120,B,0.06
01_2021011410003050,242,27,243,50,B,0.26
01_2021011615261076,297,323,350,320,B,0.36
01_2021011615273869,281,337,288,272,A,0.32
02_2021011310583163,336,448,251,431,A,0.0
01_2021011410483374,476,49,445,55,A,0.5
01_2021011611164293,248,272,251,296,A,0.78
01_2021011611164293,32,92,38,127,B,0.56
02_2021011311125412,256,265,221,298,A,0.68
01_2021011409592479,381,324,428,322,A,0.1
01_2021011409290304,140,265,152,180,A,0.42
01_2021011409420271,231,373,293,434,B,0.44
01_2021011410001297,306,75,340,26,A,0.22
02_2021011310583163,299,520,237,505,A,0.52
02_2021011311014124,205,489,249,464,B,0.12
01_2021011610123221,463,150,414,139,B,0.88
02_2021011311125412,148,537,90,513,B,0.74
01_2021011410001297,264,300,291,263,B,0.2
01_2021011615202377,378,273,435,295,B,0.72
01_2021011409272760,312,63,290,17,A,0.88
01_2021011610411067,200,216,209,232,B,0.68
02_2021011310520898,356,368,312,358,A,0.54
01_2021011410010037,338,300,291,284,A,0.2
01_2021011611332907,291,158,318,218,A,0.48
01_2021011410001993,50,49,26,86,B,0.48
01_2021011409413353,226,492,197,527,A,0.28
01_2021011409291599,366,73,361,31,A,0.52
01_2021011409590939,324,128,261,113,A,-0.0
01_2021011610413161,408,281,415,231,B,0.12
01_2021011410003050,345,315,359,303,A,0.46
02_2021011311124340,377,526,456,550,B,0.06
01_2021011410474337,211,140,243,98,B,0.16
01_2021011409414800,194,438,227,485,B,0.06
01_2021011409420271,333,231,357,278,B,0.76
01_2021011615202377,378,273,369,333,B,0.48
01_2021011411301621,387,296,337,266,A,0.72
01_2021011410003050,259,175,267,151,A,0.32
01_2021011411301621,274,360,323,352,B,0.12
02_2021011310563707,184,291,192,359,A,0.16
01_2021011410041997,90,153,77,96,A,0.12
01_2021011611002630,400,56,368,83,A,0.12
01_2021011610422212,411,405,410,324,A,0.58
01_2021011410003567,333,243,295,192,A,0.16
01_2021011409292794,305,490,259,464,A,0.58
02_2021011311124940,181,390,191,406,A,0.52
01_2021011410000471,294,91,276,67,A,0.24
01_2021011610094001,286,94,253,87,A,0.88
01_2021011615020875,241,375,284,345,A,0.04
01_2021011410483374,421,176,406,187,B,0.04
01_2021011410003341,235,143,184,120,A,0.32
01_2021011410001297,209,141,167,109,B,0.22
01_2021011410001993,84,77,26,86,B,0.92
01_2021011409420271,328,117,400,106,B,0.96
01_2021011615261076,221,528,206,481,A,0.38
01_2021011610123221,318,88,242,106,A,0.58
02_2021011310562154,259,453,280,441,B,0.56
01_2021011610412083,352,534,308,545,A,0.2
01_2021011610130652,397,215,465,209,A,0.48
01_2021011615273869,281,337,244,291,A,0.12
01_2021011410001993,260,430,305,474,B,0.52
01_2021011409413353,208,187,146,179,A,0.54
02_2021011310581515,365,52,327,83,B,0.68
01_2021011615261076,227,253,154,284,B,0.52
01_2021011610422212,363,314,357,253,A,0.26
02_2021011310531891,250,533,302,514,B,0.06
01_2021011410073599,250,165,278,93,A,0.06
01_2021011610130652,204,587,246,536,B,0.04
01_2021011409425225,325,76,369,70,A,1.0
01_2021011610105145,251,64,307,61,A,0.92
01_2021011409272139,274,394,219,388,A,0.78
01_2021011410000471,29,68,20,47,A,0.6
01_2021011410000471,44,55,20,47,A,0.72
01_2021011611332907,291,158,357,176,A,0.92
02_2021011310581515,227,12,188,67,A,0.04
01_2021011409272760,163,582,228,586,B,0.14
01_2021011410001636,436,130,403,87,A,0.16
01_2021011610103199,248,510,219,495,A,0.48
01_2021011410001297,356,107,314,123,B,0.16
01_2021011410000471,262,48,276,29,A,0.4
01_2021011610103199,229,48,219,24,A,0.38
01_2021011409291257,435,539,404,573,A,-0.0
01_2021011610411067,232,547,257,533,B,0.16
01_2021011610101991,373,121,437,93,B,0.2
01_2021011610105145,384,90,399,25,A,0.78
01_2021011610095022,260,504,219,445,A,0.44
02_2021011311124940,183,493,215,493,A,0.52
01_2021011610101991,271,234,323,266,B,0.1
01_2021011410073599,278,93,259,46,B,0.54
01_2021011610411067,74,192,60,210,A,0.96
01_2021011610145228,343,43,270,43,B,0.32
01_2021011410000622,323,42,400,55,B,0.22
01_2021011409425748,345,396,425,420,A,0.6
02_2021011311124940,311,46,309,18,A,0.36
01_2021011409285679,348,263,299,254,A,0.64
01_2021011611263118,330,333,381,332,B,0.48
02_2021011311124940,392,549,411,564,B,0.56
02_2021011311124940,202,420,183,423,B,0.56
01_2021011410003341,257,293,299,344,B,0.64
02_2021011311124940,174,333,190,322,A,0.2
01_2021011410474337,457,87,415,70,A,0.3
01_2021011615202377,265,52,308,49,B,0.88
02_2021011310582384,176,124,240,88,B,0.68
01_2021011610411067,93,186,85,210,A,0.92
02_2021011311014124,273,422,309,353,B,0.1
01_2021011410021266,432,177,468,219,A,0.54
01_2021011410020313,112,26,148,51,B,0.56
01_2021011409592479,231,211,248,163,A,0.78
02_2021011311163146,353,584,230,580,A,0.1
01_2021011410003050,285,240,300,218,A,0.44
01_2021011410003341,244,201,276,255,A,0.48
01_2021011409592479,200,32,141,46,B,0.56
01_2021011409285679,201,135,241,114,A,0.78
01_2021011409420271,315,327,357,278,B,0.86
01_2021011409592479,200,32,245,37,B,0.52
02_2021011310563707,40,487,81,435,A,0.48
02_2021011310562154,165,391,132,402,A,0.16
01_2021011610412083,352,534,284,508,A,0.16
01_2021011610422212,440,289,424,222,A,0.16
01_2021011610094001,211,55,217,31,A,0.28
02_2021011311124940,131,411,117,428,B,0.16
01_2021011409584998,223,435,262,481,B,0.8
02_2021011310583163,293,391,212,377,A,0.56
01_2021011409584491,466,140,439,82,A,0.42
02_2021011311125412,285,175,312,104,B,0.68
01_2021011610424958,408,405,415,346,A,0.74
01_2021011410000471,132,95,146,69,B,0.2
01_2021011410034036,392,164,411,233,A,0.48
01_2021011410001636,241,86,209,49,A,0.2
01_2021011410001636,263,255,312,248,A,0.52
01_2021011409292794,290,21,353,35,B,0.78
02_2021011310582384,329,587,403,580,B,0.64
01_2021011610411067,274,544,259,564,A,0.52
02_2021011311124340,269,21,244,58,B,0.72
01_2021011610145228,269,228,309,270,B,0.24
01_2021011411301621,341,311,337,266,A,0.88
01_2021011610103199,250,35,219,24,A,0.54
01_2021011410000471,310,344,294,357,B,0.96
02_2021011311124940,309,18,337,37,B,0.4
01_2021011611002630,392,134,368,83,A,0.12
01_2021011409425225,297,14,392,22,A,0.8
01_2021011409272139,351,452,305,431,A,0.48
01_2021011610422212,30,60,37,101,B,0.16
01_2021011410073599,207,54,259,46,B,0.2
01_2021011611164293,248,272,228,295,A,0.88
01_2021011410001636,267,448,262,498,A,0.16
01_2021011610113767,441,161,472,196,B,0.48
01_2021011410474337,355,381,295,389,A,0.46
01_2021011410000471,174,85,175,114,A,0.84
01_2021011410003050,405,208,382,202,B,0.16
01_2021011409592479,206,159,248,163,A,0.16
02_2021011310531891,262,486,250,533,A,-0.0
02_2021011311160485,244,50,225,55,B,0.36
01_2021011410000471,486,170,469,158,A,-0.0
01_2021011410000471,349,99,371,76,A,0.12
01_2021011410004136,245,297,236,233,A,0.04
01_2021011610094001,240,32,217,31,A,0.06
01_2021011611332907,256,418,208,463,B,0.04
01_2021011410003567,374,107,425,89,A,0.42
01_2021011610422212,304,526,244,476,A,0.74
01_2021011615020875,206,315,284,345,A,0.1
02_2021011311130231,346,348,316,382,A,0.36
01_2021011610094001,228,49,217,31,A,0.28
01_2021011410483374,404,69,384,47,A,0.84
01_2021011410000471,260,19,245,41,B,0.22
02_2021011311130231,76,338,34,328,A,-0.0
01_2021011410001297,356,107,306,75,B,0.92
01_2021011610103199,219,24,253,17,B,0.1
01_2021011411301621,370,201,330,218,B,0.2
01_2021011615202377,282,276,323,335,B,0.42
02_2021011311130231,284,413,255,370,A,0.04
02_2021011311124940,210,267,221,293,A,0.42
01_2021011610094001,296,326,314,337,B,0.2
01_2021011610411067,24,111,42,105,B,0.32
01_2021011411301621,337,266,330,218,B,0.36
01_2021011410321091,264,245,204,245,A,0.04
01_2021011410001297,356,107,423,147,B,0.8
01_2021011409292208,113,73,83,41,B,0.44
01_2021011409584998,459,184,449,111,A,0.96
02_2021011310522429,149,568,193,512,A,0.12
01_2021011610113767,275,415,346,412,B,0.68
01_2021011409305840,354,156,276,161,B,0.8
01_2021011611002077,289,172,264,124,A,0.58
01_2021011610422212,413,88,403,30,A,0.16
01_2021011409420271,176,268,220,268,A,0.1
02_2021011311124940,200,481,177,465,B,0.24
01_2021011410035151,186,515,233,522,A,0.36
02_2021011310563707,81,435,125,495,B,0.7
02_2021011311124340,310,527,377,526,B,0.44
01_2021011615261076,299,276,366,245,B,0.64
02_2021011311124940,206,383,181,390,B,0.24
01_2021011410000471,260,19,276,29,A,0.76
02_2021011311130231,332,524,273,521,A,0.92
01_2021011611332907,268,20,207,36,B,0.08
02_2021011310581515,229,195,168,223,A,0.16
01_2021011410073599,329,83,351,126,B,0.26
01_2021011610123221,242,106,192,97,A,0.04
01_2021011610094001,252,158,272,169,A,0.96
02_2021011310520898,304,125,244,72,A,0.74
01_2021011610123221,445,231,382,198,B,0.68
01_2021011409425225,22,94,41,139,B,0.42
01_2021011615261076,297,323,300,387,B,0.14
01_2021011610114926,477,215,429,191,B,0.88
01_2021011409292794,459,251,396,277,B,0.16
02_2021011311152788,376,246,362,190,A,0.92
01_2021011409291599,121,224,116,283,B,0.34
02_2021011310581515,71,241,96,280,A,0.28
01_2021011410483374,442,97,471,92,A,0.02
01_2021011610094001,238,68,253,87,A,-0.0
01_2021011410483374,394,380,391,352,A,0.22
01_2021011610130652,344,390,395,418,B,0.22
02_2021011311160485,266,140,280,169,B,0.96
01_2021011410073599,240,209,268,248,A,0.84
02_2021011310594513,143,230,132,306,A,0.06
01_2021011409291257,380,364,423,400,A,0.46
01_2021011411301621,330,218,397,238,B,0.3
01_2021011610094001,343,415,368,433,A,0.48
01_2021011410001993,319,280,340,239,A,0.44
01_2021011410001297,373,66,340,26,B,0.84
02_2021011310522895,279,15,237,17,A,0.0
01_2021011410003050,300,218,328,216,B,0.12
01_2021011410001297,255,450,305,452,B,0.76
01_2021011410071465,189,25,132,60,A,0.54
01_2021011409590939,274,369,241,433,B,0.96
01_2021011410483374,401,36,384,47,A,0.68
02_2021011311160485,118,436,138,458,B,0.52
01_2021011410483374,366,311,384,317,B,0.88
01_2021011410073599,223,430,269,496,A,0.16
01_2021011610094001,311,356,296,326,A,0.2
01_2021011410010037,258,116,206,99,A,0.18
01_2021011410073599,223,430,287,440,A,0.56
01_2021011610411067,208,196,179,207,A,0.72
02_2021011311124940,221,293,192,285,B,0.62
01_2021011410041024,249,394,303,456,B,0.36
01_2021011410321091,208,518,267,491,B,0.12
01_2021011411301621,337,266,397,238,B,0.68
02_2021011311130231,232,225,254,186,B,0.22
02_2021011310594513,166,274,143,230,B,0.28
01_2021011409420271,265,330,315,327,A,0.36
01_2021011409291257,401,437,480,460,A,0.46
01_2021011615202377,378,273,337,288,B,0.22
01_2021011410073599,250,165,304,133,A,0.84
01_2021011610123221,256,447,303,457,B,0.88
01_2021011613182150,382,352,431,381,A,0.96
01_2021011410074082,280,221,325,173,A,0.84
01_2021011410001297,209,141,270,101,B,0.24
01_2021011410000471,294,91,313,73,A,0.24
01_2021011610424958,350,187,429,164,A,0.48
01_2021011409592479,88,34,42,57,A,0.32
01_2021011410003567,281,324,349,303,B,0.62
01_2021011410041024,271,108,222,84,A,0.06
02_2021011310581515,261,439,188,479,A,0.16
01_2021011610100687,349,284,330,230,A,0.16
01_2021011410483374,476,49,475,17,A,0.5
01_2021011410000471,408,114,383,92,B,0.32
01_2021011610110620,296,528,221,571,A,0.54
02_2021011311013655,262,327,194,339,A,0.42
01_2021011610412083,384,266,352,325,B,0.16
01_2021011410000622,374,93,323,42,A,0.22
01_2021011410000471,295,29,287,46,B,0.96
01_2021011410321091,444,163,479,106,A,0.68
02_2021011310582384,313,458,285,532,B,0.16
01_2021011410000622,18,393,22,335,B,0.72
02_2021011310583163,70,450,64,366,B,0.62
01_2021011409291257,401,437,465,402,A,0.46
01_2021011409592479,380,23,419,39,B,0.84
01_2021011410001636,343,292,312,248,A,0.52
01_2021011410001993,279,84,252,124,A,0.64
01_2021011410000471,231,138,248,125,B,0.06
02_2021011310583163,254,169,186,207,A,0.1
01_2021011410001297,184,265,241,255,B,0.2
01_2021011411301621,240,454,225,388,A,0.2
01_2021011610145228,337,157,362,235,B,0.48
01_2021011610411067,44,196,60,210,A,0.56
01_2021011410540669,99,172,122,108,B,0.16
02_2021011310582384,285,532,229,543,A,0.12
02_2021011310520898,382,556,433,508,B,0.38
01_2021011409290304,152,180,189,159,B,0.06
01_2021011610412083,406,491,352,534,B,0.2
01_2021011610123221,445,231,436,183,B,0.36
01_2021011610095022,116,391,123,340,A,0.46
01_2021011410174278,432,50,462,106,B,0.4
01_2021011409584998,483,68,466,26,A,0.04
01_2021011410000471,154,110,155,88,B,0.38
01_2021011610101991,309,193,358,171,B,0.74
01_2021011610110620,259,504,221,571,A,0.54
02_2021011310562154,284,462,264,481,A,0.56
02_2021011310582384,285,532,329,587,A,0.54
01_2021011410005371,317,58,368,109,B,0.1
01_2021011611332907,256,418,263,498,B,0.06
01_2021011610094001,253,87,276,72,B,0.74
02_2021011311124940,210,520,208,556,A,0.62
01_2021011610100687,330,230,317,169,B,0.26
02_2021011310562154,253,429,280,441,B,0.56
01_2021011410005371,313,105,368,109,B,0.42
01_2021011409291599,216,438,285,465,B,0.28
01_2021011409425748,440,472,369,445,B,1.0
01_2021011610130652,204,587,282,586,B,0.16
01_2021011409285679,173,25,128,21,B,0.28
01_2021011409305840,256,479,197,504,A,0.84
01_2021011409584491,330,266,384,294,A,0.48
01_2021011409292794,270,354,315,384,A,0.42
01_2021011409420271,187,433,205,496,A,0.1
01_2021011409305840,268,529,197,504,A,0.7
02_2021011310520898,312,358,349,321,B,0.64
01_2021011410483374,363,353,391,352,A,0.38
01_2021011410041997,70,23,121,14,B,0.1
01_2021011410001636,485,221,454,169,B,0.32
01_2021011410000622,272,55,323,42,B,0.96
01_2021011409590939,226,509,168,510,A,0.52
01_2021011615020875,284,345,306,284,A,0.16
01_2021011410001297,377,204,426,206,B,0.12
01_2021011409291257,322,72,267,38,A,0.22
01_2021011610103199,381,260,407,244,A,0.88
01_2021011410003050,324,44,347,26,A,0.56
01_2021011611332907,434,246,486,248,A,0.58
01_2021011410000471,214,71,193,85,A,0.26
01_2021011615202377,255,371,312,412,B,0.16
01_2021011410035151,316,488,253,468,A,0.68
01_2021011611332907,395,434,385,383,A,0.88
01_2021011410003050,360,283,379,264,A,0.12
01_2021011615202377,320,245,343,205,A,0.16
01_2021011610114926,332,415,267,409,A,-0.0
01_2021011411301621,391,156,441,168,A,0.2
01_2021011410021266,475,171,424,124,A,0.06
01_2021011409590939,242,280,240,218,A,0.12
02_2021011311124940,137,523,166,540,A,0.36
01_2021011410003567,88,342,43,291,A,0.58
01_2021011610094001,211,55,185,39,A,0.42
01_2021011610123221,180,57,192,97,B,0.04
01_2021011410483374,408,361,391,352,A,0.22
01_2021011611332907,263,498,208,463,A,0.12
01_2021011410321091,236,392,261,445,B,0.16
01_2021011410001636,169,201,207,158,B,0.22
01_2021011410005371,344,209,276,245,A,0.26
01_2021011410001297,426,206,463,178,A,0.88
01_2021011409413353,263,540,192,584,A,0.44
01_2021011610412083,384,266,452,284,A,0.92
01_2021011410041024,222,84,275,65,B,0.3
01_2021011409584491,408,125,439,82,A,0.38
01_2021011410483374,366,311,378,338,B,0.88
01_2021011615261076,300,387,258,400,A,0.64
01_2021011409584998,216,505,223,435,A,0.48
01_2021011409584491,415,25,439,82,A,0.42
02_2021011310563707,40,487,16,534,A,0.84
01_2021011410000622,374,93,370,154,A,0.92
01_2021011610113767,238,486,305,444,B,0.48
01_2021011409420271,175,162,225,119,A,-0.0
01_2021011610145228,309,270,278,315,A,0.38
01_2021011411301621,370,201,439,230,B,0.12
02_2021011311124940,23,500,14,518,A,0.52
02_2021011310581515,325,360,377,319,A,0.88
01_2021011409305840,256,479,216,460,A,-0.0
01_2021011615202377,244,465,312,412,B,0.64
01_2021011610413161,415,231,428,180,A,0.16
01_2021011610100687,402,197,365,170,A,0.2
02_2021011311125412,201,498,155,494,A,0.06
01_2021011410003050,300,218,303,184,B,0.12
01_2021011409413353,226,492,179,478,A,0.28
02_2021011310562154,272,411,253,429,A,0.56
01_2021011410001297,270,101,252,44,A,0.48
01_2021011409291257,423,400,357,425,B,0.5
01_2021011410005371,317,58,384,65,B,0.1
02_2021011310583163,270,581,299,520,B,0.22
01_2021011410000471,305,54,295,29,A,0.92
01_2021011410001993,84,77,50,49,B,0.76
01_2021011410540669,393,39,440,85,A,0.84
01_2021011410003050,88,27,68,27,B,0.96
01_2021011410003050,267,151,246,160,B,0.2
01_2021011411301621,249,508,204,529,A,0.12
01_2021011610113767,486,151,481,73,A,0.22
02_2021011310522895,243,514,211,458,B,0.12
01_2021011410001636,262,498,283,547,B,0.16
01_2021011410004136,245,297,203,331,A,0.52
01_2021011409590939,403,20,487,35,B,0.12
02_2021011310582384,345,546,403,580,B,0.16
02_2021011310563707,111,310,34,307,A,0.38
01_2021011409592479,206,159,231,211,B,0.88
01_2021011409425225,263,58,181,62,A,0.48
01_2021011410000471,360,152,386,170,A,0.44
02_2021011311124940,309,18,343,15,B,0.4
01_2021011410004136,300,80,356,25,A,1.0
01_2021011409584491,257,399,249,461,A,0.36
01_2021011410003050,328,337,310,331,A,0.52
02_2021011311125412,299,31,234,13,A,0.06
01_2021011610134178,422,275,377,247,B,0.1
01_2021011615261076,350,320,299,276,A,0.76
01_2021011610411067,232,547,259,564,A,0.1
02_2021011311014124,273,422,350,409,B,0.1
01_2021011409425225,444,65,474,13,B,0.36
01_2021011610411067,286,580,259,564,A,0.56
01_2021011610101991,373,121,414,142,B,0.2
01_2021011409272760,221,64,241,19,A,0.72
01_2021011611172523,458,153,416,142,A,0.74
01_2021011410021266,286,55,227,83,B,0.16
02_2021011310562154,196,520,211,510,B,0.84
01_2021011410003050,328,216,335,194,A,0.12
